{"name":"t:sections.footer.name","type":"footer","sections":{"footer":{"type":"footer","blocks":{"contact_Jy64KR":{"type":"contact","settings":{"icon":"shopify:\/\/shop_images\/Icon_781a9ea9-4766-4bba-8d4f-a647a14fe351.svg","text":"<p>914-619-5212<\/p>"}},"contact_WLCn8J":{"type":"contact","settings":{"icon":"shopify:\/\/shop_images\/Icon_1.svg","text":"<p>Mon-Sun 10am - 6pm EST<\/p>"}},"contact_wkJnF3":{"type":"contact","settings":{"icon":"shopify:\/\/shop_images\/Icon_2.svg","text":"<p><a href=\"mailto:websales@jenniferfurniture.com\" title=\"mailto:websales@jenniferfurniture.com\">websales@comfortdesignfurniture.com<\/a><\/p>"}},"image_FcmYea":{"type":"image","settings":{"image":"shopify:\/\/shop_images\/Comfort_design_logo.svg","image_width":330,"alignment":"center"}},"brand_information_8iqCB8":{"type":"brand_information","disabled":true,"settings":{"show_social":true}},"text_bjGQHN":{"type":"text","disabled":true,"settings":{"heading":"Contact Us","subtext":"<p>Web Sales<br\/>Contact No: 914-619-5212<br\/>Timing: Mon-Sun (10am - 6pm ET)<\/p>"}},"link_list_pa6XNP":{"type":"link_list","settings":{"heading":"","menu":"our-company"}},"link_list_fMgkx9":{"type":"link_list","settings":{"heading":"","menu":"footer-menu"}},"link_list_N4YYcr":{"type":"link_list","settings":{"heading":"","menu":"footer"}},"link_list_mXRpiY":{"type":"link_list","settings":{"heading":"","menu":"footer"}},"text_QbAWaV":{"type":"text","disabled":true,"settings":{"heading":"Our Mission","subtext":"<ul><li>Service over sales<\/li><li>Honor over hustle <\/li><li>Most importantly<\/li><li>People over profits<\/li><\/ul>"}}},"block_order":["contact_Jy64KR","contact_WLCn8J","contact_wkJnF3","image_FcmYea","brand_information_8iqCB8","text_bjGQHN","link_list_pa6XNP","link_list_fMgkx9","link_list_N4YYcr","link_list_mXRpiY","text_QbAWaV"],"settings":{"footer_custom_subtext":"<p>Unlock Exclusive Updates  And offers!<\/p>","custom_heading":"","custom_button_label":"Submit","show_icon":false,"custom_bg_color":"rgba(0,0,0,0)","custom_box_bg":"#000000cc","custom_button_color":"#ff3b00"}}},"order":["footer"]}