{"name":"t:sections.header.name","type":"header","sections":{"announcement_bar_VqCdAt":{"type":"announcement-bar","blocks":{"announcement_3hMKUF":{"type":"announcement","settings":{"text":"Holiday Sale Offers | Call or Text for Discounts","link":""}},"announcement_Bkm7fp":{"type":"announcement","settings":{"text":"Trusted by 10M+ Sofa Lovers","link":""}}},"block_order":["announcement_3hMKUF","announcement_Bkm7fp"],"name":"t:sections.announcement-bar.presets.name","settings":{"color_scheme":"scheme-2d4b4f12-5865-4d64-9f16-60040cbb83d2","show_line_separator":false,"show_social":false,"announcement_display_style":"fix","marquee_icon":"shopify:\/\/shop_images\/small-icon.svg","marquee_icon_size":10,"auto_rotate":true,"change_slides_speed":5,"enable_country_selector":false,"enable_language_selector":false}},"header":{"type":"header","blocks":{"collection_yjNw4r":{"type":"collection","settings":{"menu_title":"Sofas","select_collection":"sofas","select_collection_second":"buy-sleeper-sofas-online"}},"collection_6KBQzN":{"type":"collection","settings":{"menu_title":"Chairs","select_collection":"but-accent-chairs-online","select_collection_second":"chair-tables"}}},"block_order":["collection_yjNw4r","collection_6KBQzN"],"settings":{"phone":"914-619-5212","logo_position":"top-center","menu":"main-menu-megamenu","menu_type_desktop":"dropdown","header_overlap":false,"sticky_header_type":"always","show_line_separator":false,"color_scheme":"scheme-1a9bdd90-e974-43b8-ae5c-e5b2e78f72d3","menu_color_scheme":"scheme-2d4b4f12-5865-4d64-9f16-60040cbb83d2","enable_country_selector":true,"enable_language_selector":true,"enable_customer_avatar":true,"mobile_logo_position":"center","margin_bottom":0,"padding_top":12,"padding_bottom":20}}},"order":["announcement_bar_VqCdAt","header"]}