{"sections":{"banner":{"type":"main-collection-banner","disabled":true,"settings":{"show_collection_image":false,"color_scheme":"scheme-1"}},"image_banner_nbae8A":{"type":"image-banner","blocks":{"heading_gFeHqT":{"type":"heading","settings":{"heading":"Have You Met Klaussner?","heading_size":"h1"}},"text_KUciVc":{"type":"text","settings":{"text":"Since 1963, Klaussner has been redefining comfort with innovative recliners, sofas, and sectionals crafted in the USA. Renowned for quality, sustainability, and custom upholstery, they’ve earned the trust of homeowners worldwide. Packed with modern features like power reclining, USB charging, and massage functions, comfort meets technology seamlessly. If you want furniture that blends style, durability, and everyday luxury - Klaussner is the name to choose.","text_style":"body"}},"buttons_mheYWw":{"type":"buttons","settings":{"button_label_1":"","button_link_1":"","button_style_secondary_1":false,"button_label_2":"","button_link_2":"","button_style_secondary_2":false}}},"block_order":["heading_gFeHqT","text_KUciVc","buttons_mheYWw"],"disabled":true,"name":"t:sections.image-banner.presets.name","settings":{"image":"shopify:\/\/shop_images\/Roma_6-Seater_Reclining_Sectional_Sofa_01_1dae9e70-e9b1-4dd3-b366-c612019d1512.png","mobile_image":"shopify:\/\/shop_images\/roma_sectional.png","banner_link":"","image_overlay":0,"image_height":"large","desktop_content_position":"middle-center","show_text_box":true,"desktop_content_alignment":"center","color_scheme":"scheme-4","image_behavior":"none","mobile_content_alignment":"center","stack_images_on_mobile":true,"show_text_below":true}},"rich_text_nwqJnV":{"type":"rich-text","blocks":{"heading_w6GfdE":{"type":"heading","settings":{"heading":"{{ collection.title }}","heading_size":"h1"}}},"block_order":["heading_w6GfdE"],"name":"t:sections.rich-text.presets.name","settings":{"desktop_content_position":"center","content_alignment":"center","color_scheme":"","full_width":true,"padding_top":8,"padding_bottom":0}},"custom_liquid_6ymdbR":{"type":"custom-liquid","name":"t:sections.custom-liquid.presets.name","settings":{"custom_liquid":"{% render 'breadcrumbs' %}","color_scheme":"","padding_top":0,"padding_bottom":8}},"custom_collection_banner_4ygWzR":{"type":"custom-collection-banner","name":"Custom Collection Banner","settings":{"banner_image":"shopify:\/\/shop_images\/STRIP_BANNER_2_0.png","banner_text":"Huge Savings! Up to 50% Off Sitewide","banner_link":"","banner_radius":0,"enable_overlay":true}},"product-grid":{"type":"main-collection-product-grid","blocks":{"variant_picker_z7XQcc":{"type":"variant_picker","settings":{"picker_type":"button","swatch_shape":"circle"}}},"block_order":["variant_picker_z7XQcc"],"settings":{"products_per_page":24,"columns_desktop":3,"color_scheme":"scheme-1","image_ratio":"adapt","image_shape":"default","show_secondary_image":true,"show_vendor":false,"show_rating":false,"quick_add":"none","enable_filtering":true,"filter_type":"vertical","enable_sorting":true,"columns_mobile":"2","padding_top":36,"padding_bottom":36}},"multicolumn_eWKq3F":{"type":"multicolumn","blocks":{"column_REXbwN":{"type":"column","settings":{"image":"shopify:\/\/shop_images\/vittoria-1.png","title":"Engineered for Comfort & Support","heading_size":"h2","text":"<p>Experience relaxation like never before – soft cushioning, smart ergonomics, and body-conforming support crafted to fit you perfectly. Designed to keep you comfortable for hours, it’s where style meets pure ease.<\/p>","button_label":"","button_link":"","button_style_secondary":false}},"column_Vag6tm":{"type":"column","settings":{"image":"shopify:\/\/shop_images\/Premium_Upholstery_Choices.webp","title":"Premium Upholstery Choices","heading_size":"h2","text":"<p>Discover Klaussner’s premium upholstery choices that blend style, comfort, and durability. From chic top-grain leather and budget-friendly faux leather to luxurious full top leather and vintage-inspired stone wash, there’s a finish to match every taste and home.<\/p>","button_label":"","button_link":"","button_style_secondary":false}},"column_zNiG93":{"type":"column","settings":{"image":"shopify:\/\/shop_images\/Advanced_Technology_Smart_Features.webp","title":"Smart Comfort, Smarter Living","heading_size":"h2","text":"<p>Experience the future of relaxation with Klaussner Motion Recliners designed to blend comfort with technology. From built-in USB ports and wireless phone charging pads to ambient LED lighting, every detail adds ease to your lifestyle.<\/p>","button_label":"","button_link":"","button_style_secondary":false}}},"block_order":["column_REXbwN","column_Vag6tm","column_zNiG93"],"name":"t:sections.multicolumn.presets.name","settings":{"title":"","heading_size":"h1","image_width":"full","image_ratio":"adapt","overlay_txt":false,"overlay_txt_color":"","columns_desktop":3,"column_alignment":"left","background_style":"primary","button_label":"","button_link":"","color_scheme":"","columns_mobile":"1","swipe_on_mobile":false,"padding_top":0,"padding_bottom":0}},"product_before_after_jcDMHy":{"type":"product-before-after","name":"Product before after","settings":{"padding_top":36,"padding_bottom":36}},"custom_liquid_NhYfBN":{"type":"custom-liquid","name":"t:sections.custom-liquid.presets.name","settings":{"custom_liquid":"<iframe allowfullscreen=\"allowfullscreen\" allow=\"clipboard-write\" scrolling=\"no\" class=\"fp-iframe\" src=\"https:\/\/heyzine.com\/flip-book\/914d7a7b46.html\" style=\"border: 1px solid lightgray; width: 800%; height: 600px;\"><\/iframe>","color_scheme":"","padding_top":40,"padding_bottom":52}}},"order":["banner","image_banner_nbae8A","rich_text_nwqJnV","custom_liquid_6ymdbR","custom_collection_banner_4ygWzR","product-grid","multicolumn_eWKq3F","product_before_after_jcDMHy","custom_liquid_NhYfBN"]}