{"sections":{"banner":{"type":"main-collection-banner","disabled":true,"settings":{"show_collection_image":false,"color_scheme":"scheme-1"}},"rich_text_nwqJnV":{"type":"rich-text","blocks":{"heading_w6GfdE":{"type":"heading","settings":{"heading":"{{ collection.title }}","heading_size":"h1"}}},"block_order":["heading_w6GfdE"],"name":"t:sections.rich-text.presets.name","settings":{"desktop_content_position":"center","content_alignment":"center","color_scheme":"","full_width":true,"padding_top":8,"padding_bottom":0}},"custom_liquid_nNrHPn":{"type":"custom-liquid","name":"t:sections.custom-liquid.presets.name","settings":{"custom_liquid":"{% render 'breadcrumbs' %}","color_scheme":"","padding_top":0,"padding_bottom":8}},"custom_collection_banner_4ygWzR":{"type":"custom-collection-banner","name":"Custom Collection Banner","settings":{"banner_image":"shopify:\/\/shop_images\/STRIP_BANNER_2_0.png","banner_text":"Huge Savings! Up to 50% Off Sitewide","banner_link":"","banner_radius":0,"enable_overlay":true}},"product-grid":{"type":"main-collection-product-grid","blocks":{"variant_picker_JwgiYY":{"type":"variant_picker","settings":{"picker_type":"button","swatch_shape":"circle"}}},"block_order":["variant_picker_JwgiYY"],"settings":{"products_per_page":24,"columns_desktop":3,"color_scheme":"scheme-1","image_ratio":"adapt","image_shape":"default","show_secondary_image":true,"show_vendor":false,"show_rating":false,"quick_add":"none","enable_filtering":true,"filter_type":"vertical","enable_sorting":true,"columns_mobile":"2","padding_top":36,"padding_bottom":36}},"rich_text_3pA9Ak":{"type":"rich-text","blocks":{"heading_DK8i8U":{"type":"heading","settings":{"heading":"See Your Sofa, Your Way","heading_size":"h1"}},"text_exN9kq":{"type":"text","settings":{"text":"<p>Watch how this sectional transforms into the setup that works for your home. Choose your favorite configuration, mix and match pieces, and create the perfect space for relaxation, work, or entertaining guests. <\/p>"}},"button_j8gABH":{"type":"button","disabled":true,"settings":{"button_label":"Button label","button_link":"","button_style_secondary":false,"button_label_2":"","button_link_2":"","button_style_secondary_2":false}}},"block_order":["heading_DK8i8U","text_exN9kq","button_j8gABH"],"name":"t:sections.rich-text.presets.name","settings":{"desktop_content_position":"center","content_alignment":"center","color_scheme":"","full_width":true,"padding_top":0,"padding_bottom":20}},"video_49qtcn":{"type":"video","name":"t:sections.video.presets.name","settings":{"desktop_content_position":"middle-center","mobile_content_position":"middle-center","desktop_content_alignment":"center","mobile_content_alignment":"center","enable_video_looping":false,"video":"shopify:\/\/files\/videos\/modular sofa animation with text.mp4","mobile_video":"shopify:\/\/files\/videos\/modular sofa animation with text.mp4","video_url":"https:\/\/www.youtube.com\/watch?v=_9VUPq3SxOc","mobile_video_url":"https:\/\/www.youtube.com\/watch?v=_9VUPq3SxOc","description":"universal sectional sofa","full_width":false,"color_scheme":"","padding_top":0,"padding_bottom":36}},"custom_liquid_dCyzbz":{"type":"custom-liquid","disabled":true,"name":"t:sections.custom-liquid.presets.name","settings":{"custom_liquid":"<div style=\"text-align: center; margin-bottom: 30px;\">\n  <h2 style=\"font-size: 24px; font-weight: bold; margin: 0 0 25px 0;\">Why You’ll Love Universal<\/h2>\n<\/div>\n\n<div style=\"display: flex; justify-content: center; gap: 60px; text-align: center; flex-wrap: wrap;\">\n  <div>\n    <img src=\"https:\/\/cdn.shopify.com\/s\/files\/1\/0924\/4016\/6685\/files\/High_Density_Foam.png?v=1755275423\" alt=\"High-Density Foam\" style=\"width:80px;\">\n    <p style=\"font-size:18px; font-weight:500;\">High-Density Foam<\/p>\n  <\/div>\n  <div>\n    <img src=\"https:\/\/cdn.shopify.com\/s\/files\/1\/0924\/4016\/6685\/files\/water_resistant.png?v=1755275424\" alt=\"Water Resistant\" style=\"width:80px;\">\n    <p style=\"font-size:18px; font-weight:500;\">Water Resistant<\/p>\n  <\/div>\n  <div>\n    <img src=\"https:\/\/cdn.shopify.com\/s\/files\/1\/0924\/4016\/6685\/files\/easy_Assembly.png?v=1755275424\" alt=\"Easy Assembly\" style=\"width:80px;\">\n    <p style=\"font-size:18px; font-weight:500;\">Easy Assembly<\/p>\n  <\/div>\n  <div>\n    <img src=\"https:\/\/cdn.shopify.com\/s\/files\/1\/0924\/4016\/6685\/files\/Luxurious_Feel.png?v=1755291240\" alt=\"Luxrious Feel\" style=\"width:80px;\">\n    <p style=\"font-size:18px; font-weight:500;\">Luxrious Feel<\/p>\n  <\/div>\n  <div>\n    <img src=\"https:\/\/cdn.shopify.com\/s\/files\/1\/0924\/4016\/6685\/files\/modular_Design.png?v=1755275423\" alt=\"Modular Design\" style=\"width:80px;\">\n    <p style=\"font-size:18px; font-weight:500;\">Modular Design<\/p>\n  <\/div>\n  <div>\n    <img src=\"https:\/\/cdn.shopify.com\/s\/files\/1\/0924\/4016\/6685\/files\/Fabric_Leather.png?v=1755275423\" alt=\"Premium Fabric \/ Leather\" style=\"width:80px;\">\n    <p style=\"font-size:18px; font-weight:500;\">Premium Fabric \/ Leather<\/p>\n  <\/div>\n<\/div>","color_scheme":"","padding_top":0,"padding_bottom":0}},"multirow_cHCbJC":{"type":"multirow","blocks":{"row_jH6p9i":{"type":"row","settings":{"image":"shopify:\/\/shop_images\/Untitled_design_25.png","caption":"Built to Last: Strength, Stability, and Timeless Design","heading":"Durable Frames","text":"<p>Our sofas are built with a foundation you can trust. Each piece is crafted using kiln-dried hardwood frames, carefully treated to prevent warping, cracking, or shrinking over time. This process enhances the natural strength of the wood, ensuring long-lasting performance even with everyday use. <\/p><p>To further increase durability, every frame is reinforced with precision joints, providing unmatched stability and structural integrity. Combined with strong base support, these elements work together to create a sofa that is not only comfortable but also incredibly reliable. With this thoughtful construction, our sofas promise beauty, comfort, and resilience for years to come.<\/p>","button_label":"","button_link":""}},"row_BELfXA":{"type":"row","settings":{"image":"shopify:\/\/shop_images\/1_2_0203eeac-68c0-4a11-9309-40918e22194b.png","caption":"Style Meets Endurance","heading":"Premium Fabrics & Leather","text":"<p>Our sofas are upholstered with premium fabrics and leathers, chosen to combine elegance with long-lasting performance. Each material is carefully curated to provide a soft and luxurious feel while offering the strength needed to withstand everyday use. <\/p><p>From high-performance fabrics that resist stains and fading to supple leathers that age beautifully with time, every option is designed to balance beauty with practicality. With a wide range of textures and finishes, you can create a timeless look that perfectly complements your living space.<\/p>","button_label":"","button_link":""}},"row_cD8KLN":{"type":"row","settings":{"image":"shopify:\/\/shop_images\/Untitled_design_23.png","caption":"Confidence in Every Purchase","heading":"Warranty Included","text":"<p>Every piece of furniture we offer comes with a manufacturer-backed warranty, ensuring you can enjoy your investment with complete peace of mind. This warranty is a reflection of the trust we place in the craftsmanship, materials, and durability of our products. <\/p><p>It safeguards your purchase against unexpected issues, giving you confidence in both quality and longevity. Whether it’s a sofa, sectional, or recliner, you can rest assured that your furniture is designed to last and fully supported. With this added assurance, you not only bring home comfort and style but also long-term reliability and protection.<\/p>","button_label":"","button_link":""}}},"block_order":["row_jH6p9i","row_BELfXA","row_cD8KLN"],"name":"t:sections.multirow.presets.name","settings":{"image_height":"medium","desktop_image_width":"medium","heading_size":"h1","text_style":"body","button_style":"secondary","desktop_content_position":"middle","desktop_content_alignment":"left","image_layout":"alternate-left","section_color_scheme":"","row_color_scheme":"","mobile_content_alignment":"left","padding_top":36,"padding_bottom":36}},"image_with_text_AceYqg":{"type":"image-with-text","blocks":{"heading_yYGKkm":{"type":"heading","settings":{"heading":"Our sofas adapt to your style — any space, any theme.","heading_size":"h2"}},"text_7J7rjn":{"type":"text","settings":{"text":"<p>Whether you love the clean lines of modern design, the cozy charm of a lived-in space, or the festive energy of the season, our sofas adapt beautifully to your style. See them transform from a simple, elegant base into settings that feel just like home - no matter your mood, theme, or occasion. Imagine it your way, and let your sofa tell your story.<\/p>","text_style":"body"}}},"block_order":["heading_yYGKkm","text_7J7rjn"],"disabled":true,"name":"t:sections.image-with-text.presets.name","settings":{"image":"shopify:\/\/shop_images\/sofa_showcase_fast.gif","height":"adapt","desktop_image_width":"medium","layout":"image_first","desktop_content_position":"top","desktop_content_alignment":"left","content_layout":"no-overlap","section_color_scheme":"","color_scheme":"","image_behavior":"zoom-in","mobile_content_alignment":"left","padding_top":36,"padding_bottom":36}},"image_with_text_waPCiz":{"type":"image-with-text","blocks":{"heading_cQ6dkc":{"type":"heading","settings":{"heading":"Design Philosophy","heading_size":"h1"}},"text_GWYCiA":{"type":"text","settings":{"text":"<p>Bernhardt is a luxury heritage brand that has long been associated with iconic furniture design.For over 135 years,the company has celebrated the unique craft of furniture making. Families of artisans have passed down theirskills, creativity and artistry. Today, Bernhardt continues the company’s legacy with a passion for inspired design.<\/p>","text_style":"body"}},"button_BGYAkh":{"type":"button","settings":{"button_label":"Button label","button_link":"","button_style_secondary":false}}},"block_order":["heading_cQ6dkc","text_GWYCiA","button_BGYAkh"],"disabled":true,"name":"t:sections.image-with-text.presets.name","settings":{"image":"shopify:\/\/shop_images\/Bernhardt_Linea_Cocktail_Table_13.png","height":"adapt","desktop_image_width":"medium","layout":"image_first","desktop_content_position":"top","desktop_content_alignment":"left","content_layout":"no-overlap","section_color_scheme":"","color_scheme":"","image_behavior":"none","mobile_content_alignment":"left","padding_top":36,"padding_bottom":36}},"product_before_after_htktch":{"type":"product-before-after","disabled":true,"name":"Product before after","settings":{"padding_top":36,"padding_bottom":36}},"multicolumn_K4UE9G":{"type":"multicolumn","blocks":{"column_9dFMrT":{"type":"column","settings":{"image":"shopify:\/\/shop_images\/2_1_cea37cd7-9f79-4879-8539-d0621dd00947.png","title":"Durable Frames","heading_size":"h2","text":"<p>Our sofas are crafted with kiln-dried hardwood frames, designed to resist warping and maintain strength for years of everyday use. Reinforced joints ensure superior stability and durability.<\/p>","button_label":"","button_link":"","button_style_secondary":false}},"column_AiiDPz":{"type":"column","settings":{"image":"shopify:\/\/shop_images\/1_1_fe530e52-7c8a-43ba-ae6f-3df90bcdc47f.png","title":"Premium Fabrics & Leather","heading_size":"h2","text":"<p>Choose from a curated range of high-performance fabrics that blend elegance with practicality. They’re soft to the touch, resistant to everyday wear, and easy to clean.<\/p>","button_label":"","button_link":"","button_style_secondary":false}},"column_R4NPBh":{"type":"column","settings":{"image":"shopify:\/\/shop_images\/3_1_f2292676-bce0-4c15-b06f-73bc94dbd702.png","title":"Warranty Included","heading_size":"h2","text":"<p>Every piece comes with a manufacturer-backed warranty, giving you confidence in quality and assurance that your investment is protected.<\/p>","button_label":"","button_link":"","button_style_secondary":false}}},"block_order":["column_9dFMrT","column_AiiDPz","column_R4NPBh"],"disabled":true,"name":"t:sections.multicolumn.presets.name","settings":{"title":"What Sets the Universal Collection Apart","heading_size":"h1","image_width":"full","image_ratio":"circle","overlay_txt":false,"overlay_txt_color":"","columns_desktop":3,"column_alignment":"left","background_style":"primary","button_label":"","button_link":"","color_scheme":"","columns_mobile":"1","swipe_on_mobile":false,"padding_top":0,"padding_bottom":0}},"custom_liquid_NhYfBN":{"type":"custom-liquid","name":"t:sections.custom-liquid.presets.name","settings":{"custom_liquid":"<iframe allowfullscreen=\"allowfullscreen\" allow=\"clipboard-write\" scrolling=\"no\" class=\"fp-iframe\" src=\"https:\/\/heyzine.com\/flip-book\/8998592943.html\" style=\"border: 1px solid lightgray; width: 800%; height: 600px;\"><\/iframe>","color_scheme":"","padding_top":40,"padding_bottom":52}}},"order":["banner","rich_text_nwqJnV","custom_liquid_nNrHPn","custom_collection_banner_4ygWzR","product-grid","rich_text_3pA9Ak","video_49qtcn","custom_liquid_dCyzbz","multirow_cHCbJC","image_with_text_AceYqg","image_with_text_waPCiz","product_before_after_htktch","multicolumn_K4UE9G","custom_liquid_NhYfBN"]}