{"sections":{"banner":{"type":"main-collection-banner","disabled":true,"settings":{"show_collection_image":false,"color_scheme":"scheme-1"}},"rich_text_nwqJnV":{"type":"rich-text","blocks":{"heading_w6GfdE":{"type":"heading","settings":{"heading":"{{ collection.title }}","heading_size":"h1"}}},"block_order":["heading_w6GfdE"],"name":"t:sections.rich-text.presets.name","settings":{"desktop_content_position":"center","content_alignment":"center","color_scheme":"scheme-9ec17950-6226-414f-b5fb-7be7f8c75f92","full_width":true,"padding_top":8,"padding_bottom":0}},"custom_liquid_nTYFbB":{"type":"custom-liquid","name":"t:sections.custom-liquid.presets.name","settings":{"custom_liquid":"{% render 'breadcrumbs' %}","color_scheme":"","padding_top":0,"padding_bottom":8}},"custom_collection_banner_4ygWzR":{"type":"custom-collection-banner","name":"Custom Collection Banner","settings":{"banner_image":"shopify:\/\/shop_images\/STRIP_BANNER_2_0.png","banner_text":"Huge Savings! Up to 50% Off Sitewide","banner_link":"","banner_radius":0,"enable_overlay":true}},"product-grid":{"type":"main-collection-product-grid","blocks":{"variant_picker_Hzb34H":{"type":"variant_picker","settings":{"picker_type":"button","swatch_shape":"circle"}}},"block_order":["variant_picker_Hzb34H"],"settings":{"products_per_page":24,"columns_desktop":3,"color_scheme":"scheme-1","image_ratio":"adapt","image_shape":"default","show_secondary_image":true,"show_vendor":false,"show_rating":true,"quick_add":"none","enable_filtering":true,"filter_type":"vertical","enable_sorting":true,"columns_mobile":"2","padding_top":36,"padding_bottom":36}},"custom_liquid_NhYfBN":{"type":"custom-liquid","disabled":true,"name":"t:sections.custom-liquid.presets.name","settings":{"custom_liquid":"<iframe allowfullscreen=\"allowfullscreen\" allow=\"clipboard-write\" scrolling=\"no\" class=\"fp-iframe\" src=\"https:\/\/heyzine.com\/flip-book\/c080387fe4.html\" style=\"border: 1px solid lightgray; width: 800px; height: 600px;\"><\/iframe>","color_scheme":"","padding_top":40,"padding_bottom":52}},"17557939499d9bf824":{"type":"_blocks","blocks":{"ai_gen_block_2db9a75_YGT9Yt":{"type":"ai_gen_block_2db9a75","settings":{"alignment":"flex-start","top_spacing":6,"use_variant_images":false,"swatch_shape":"circle","swatch_size":24,"swatch_spacing":4,"border_radius":2,"border_width":1,"border_color":"#e0e0e0","hover_border_color":"#333333","active_border_color":"#000000","active_border_width":2,"hover_scale":1.1,"active_scale":1.1,"show_unavailable_line":true,"unavailable_line_color":"#ff0000","show_tooltips":true,"tooltip_bg_color":"#333333","tooltip_text_color":"#ffffff"},"blocks":{}}},"block_order":["ai_gen_block_2db9a75_YGT9Yt"],"settings":{}}},"order":["banner","rich_text_nwqJnV","custom_liquid_nTYFbB","custom_collection_banner_4ygWzR","product-grid","custom_liquid_NhYfBN","17557939499d9bf824"]}