{"sections":{"banner":{"type":"main-collection-banner","disabled":true,"settings":{"show_collection_image":false,"color_scheme":"scheme-1"}},"rich_text_nwqJnV":{"type":"rich-text","blocks":{"heading_w6GfdE":{"type":"heading","settings":{"heading":"{{ collection.title }}","heading_size":"h1"}}},"block_order":["heading_w6GfdE"],"name":"t:sections.rich-text.presets.name","settings":{"desktop_content_position":"center","content_alignment":"center","color_scheme":"","full_width":true,"padding_top":8,"padding_bottom":0}},"custom_liquid_cBzwiY":{"type":"custom-liquid","name":"t:sections.custom-liquid.presets.name","settings":{"custom_liquid":"{% render 'breadcrumbs' %}","color_scheme":"","padding_top":0,"padding_bottom":8}},"custom_collection_banner_4ygWzR":{"type":"custom-collection-banner","name":"Custom Collection Banner","settings":{"banner_image":"shopify:\/\/shop_images\/STRIP_BANNER_2_0.png","banner_text":"Huge Savings! Up to 50% Off Sitewide","banner_link":"","banner_radius":0,"enable_overlay":true}},"product-grid":{"type":"main-collection-product-grid","blocks":{"variant_picker_mXL3mw":{"type":"variant_picker","settings":{"picker_type":"button","swatch_shape":"circle"}}},"block_order":["variant_picker_mXL3mw"],"settings":{"products_per_page":24,"columns_desktop":3,"color_scheme":"scheme-1","image_ratio":"adapt","image_shape":"default","show_secondary_image":true,"show_vendor":false,"show_rating":false,"quick_add":"none","enable_filtering":true,"filter_type":"vertical","enable_sorting":true,"columns_mobile":"2","padding_top":36,"padding_bottom":0}},"custom_liquid_C48KVh":{"type":"custom-liquid","name":"t:sections.custom-liquid.presets.name","settings":{"custom_liquid":"<div style=\"text-align: center; margin-bottom: 30px;\">\n  <h2 style=\"font-size: 28px; font-weight: bold; margin: 0 0 25px 0; font-family: Helvetica, Arial, sans-serif; font-style: normal;\">\n    Our 5-Step Commitment\n  <\/h2>\n<\/div>\n\n<div style=\"display: flex; justify-content: space-between; text-align: center; flex-wrap: nowrap; max-width: 1200px; margin: 0 auto;\">\n  <div style=\"flex: 1; padding: 0 15px;\">\n    <img src=\"https:\/\/cdn.shopify.com\/s\/files\/1\/0924\/4016\/6685\/files\/Design.png?v=1756819021\" alt=\"Design\" style=\"width:70px;\">\n    <h3 style=\"font-size:18px; font-weight:600; font-family: Helvetica, Arial, sans-serif; font-style: normal; margin:12px 0 6px;\">Design<\/h3>\n    <p style=\"font-size:18px; color:#555; font-family: Helvetica, Arial, sans-serif; font-style: normal; margin:0;\">\n      All furniture is carefully designed and planned for intended uses.\n    <\/p>\n  <\/div>\n\n  <div style=\"flex: 1; padding: 0 15px;\">\n    <img src=\"https:\/\/cdn.shopify.com\/s\/files\/1\/0924\/4016\/6685\/files\/Material.png?v=1756819021\" alt=\"Material\" style=\"width:70px;\">\n    <h3 style=\"font-size:18px; font-weight:600; font-family: Helvetica, Arial, sans-serif; font-style: normal; margin:12px 0 6px;\">Material<\/h3>\n    <p style=\"font-size:18px; color:#555; font-family: Helvetica, Arial, sans-serif; font-style: normal; margin:0;\">\n      Material selection is based on longevity and design needs.\n    <\/p>\n  <\/div>\n\n  <div style=\"flex: 1; padding: 0 15px;\">\n    <img src=\"https:\/\/cdn.shopify.com\/s\/files\/1\/0924\/4016\/6685\/files\/Production.png?v=1756819021\" alt=\"Production\" style=\"width:70px;\">\n    <h3 style=\"font-size:18px; font-weight:600; font-family: Helvetica, Arial, sans-serif; font-style: normal; margin:12px 0 6px;\">Production<\/h3>\n    <p style=\"font-size:18px; color:#555; font-family: Helvetica, Arial, sans-serif; font-style: normal; margin:0;\">\n      CNC precision guarantees perfect alignment on all parts.\n    <\/p>\n  <\/div>\n\n  <div style=\"flex: 1; padding: 0 15px;\">\n    <img src=\"https:\/\/cdn.shopify.com\/s\/files\/1\/0924\/4016\/6685\/files\/inspection.png?v=1756819021\" alt=\"Inspection\" style=\"width:70px;\">\n    <h3 style=\"font-size:18px; font-weight:600; font-family: Helvetica, Arial, sans-serif; font-style: normal; margin:12px 0 6px;\">Inspection<\/h3>\n    <p style=\"font-size:18px; color:#555; font-family: Helvetica, Arial, sans-serif; font-style: normal; margin:0;\">\n      Checks at every step, to validate every component.\n    <\/p>\n  <\/div>\n\n  <div style=\"flex: 1; padding: 0 15px;\">\n    <img src=\"https:\/\/cdn.shopify.com\/s\/files\/1\/0924\/4016\/6685\/files\/warranty.png?v=1756819021\" alt=\"Warranty\" style=\"width:70px;\">\n    <h3 style=\"font-size:18px; font-weight:600; font-family: Helvetica, Arial, sans-serif; font-style: normal; margin:12px 0 6px;\">Warranty<\/h3>\n    <p style=\"font-size:18px; color:#555; font-family: Helvetica, Arial, sans-serif; font-style: normal; margin:0;\">\n      We trust our system and want you to also, that's why it's 10 years.\n    <\/p>\n  <\/div>\n<\/div>\n\n<style>\n  @media (max-width: 768px) {\n    div[style*=\"display: flex;\"] {\n      flex-direction: column;\n      align-items: center;\n      gap: 30px !important;\n    }\n  }\n<\/style>","color_scheme":"","padding_top":0,"padding_bottom":0}},"image_with_text_CQrqTp":{"type":"image-with-text","blocks":{"heading_X3xh3P":{"type":"heading","settings":{"heading":"Smart Sofa Beds for Every Room","heading_size":"h1"}},"text_mpGGTU":{"type":"text","settings":{"text":"<p>At Luonto, we believe furniture should adapt to the way you live. That’s why our collection is designed to fit effortlessly into any home - whether it’s a spacious house, a cozy apartment, or even a tiny home.<\/p><p>Choose from <strong>space-saving sleepers<\/strong>, <strong>versatile sectionals<\/strong>, or a <strong>stationary fabric cot sofa<\/strong> that blends comfort with practicality. From clever layouts that maximize every inch of floor space to expansive sectionals made for gathering, our designs give you flexible options without sacrificing style or comfort.<\/p>","text_style":"body"}},"button_NJyeYQ":{"type":"button","settings":{"button_label":"Explore More","button_link":"shopify:\/\/collections\/luonto-collection","button_style_secondary":false}}},"block_order":["heading_X3xh3P","text_mpGGTU","button_NJyeYQ"],"name":"t:sections.image-with-text.presets.name","settings":{"image":"shopify:\/\/shop_images\/luonto-collage.png","height":"large","desktop_image_width":"medium","layout":"image_first","desktop_content_position":"top","desktop_content_alignment":"left","content_layout":"no-overlap","section_color_scheme":"","color_scheme":"","image_behavior":"none","mobile_content_alignment":"left","padding_top":36,"padding_bottom":36}},"custom_liquid_dCyzbz":{"type":"custom-liquid","disabled":true,"name":"t:sections.custom-liquid.presets.name","settings":{"custom_liquid":"<div style=\"text-align: center; margin-bottom: 30px;\">\n  <h2 style=\"font-size: 24px; font-weight: bold; margin: 0 0 25px 0;\">Why You’ll Love Bernhardt<\/h2>\n<\/div>\n\n<div style=\"display: flex; justify-content: center; gap: 60px; text-align: center; flex-wrap: wrap;\">\n  <div>\n    <img src=\"https:\/\/cdn.shopify.com\/s\/files\/1\/0924\/4016\/6685\/files\/High_Density_Foam.png?v=1755275423\" alt=\"High-Density Foam\" style=\"width:80px;\">\n    <p style=\"font-size:18px; font-weight:500;\">High-Density Foam<\/p>\n  <\/div>\n  <div>\n    <img src=\"https:\/\/cdn.shopify.com\/s\/files\/1\/0924\/4016\/6685\/files\/water_resistant.png?v=1755275424\" alt=\"Water Resistant\" style=\"width:80px;\">\n    <p style=\"font-size:18px; font-weight:500;\">Water Resistant<\/p>\n  <\/div>\n  <div>\n    <img src=\"https:\/\/cdn.shopify.com\/s\/files\/1\/0924\/4016\/6685\/files\/easy_Assembly.png?v=1755275424\" alt=\"Easy Assembly\" style=\"width:80px;\">\n    <p style=\"font-size:18px; font-weight:500;\">Easy Assembly<\/p>\n  <\/div>\n  <div>\n    <img src=\"https:\/\/cdn.shopify.com\/s\/files\/1\/0924\/4016\/6685\/files\/Luxurious_Feel.png?v=1755291240\" alt=\"Luxrious Feel\" style=\"width:80px;\">\n    <p style=\"font-size:18px; font-weight:500;\">Luxrious Feel<\/p>\n  <\/div>\n  <div>\n    <img src=\"https:\/\/cdn.shopify.com\/s\/files\/1\/0924\/4016\/6685\/files\/modular_Design.png?v=1755275423\" alt=\"Modular Design\" style=\"width:80px;\">\n    <p style=\"font-size:18px; font-weight:500;\">Modular Design<\/p>\n  <\/div>\n  <div>\n    <img src=\"https:\/\/cdn.shopify.com\/s\/files\/1\/0924\/4016\/6685\/files\/Fabric_Leather.png?v=1755275423\" alt=\"Premium Fabric \/ Leather\" style=\"width:80px;\">\n    <p style=\"font-size:18px; font-weight:500;\">Premium Fabric \/ Leather<\/p>\n  <\/div>\n<\/div>","color_scheme":"","padding_top":0,"padding_bottom":0}},"custom_logo_brand_PK4FVP":{"type":"custom-logo-brand","blocks":{"brand_J94tJr":{"type":"brand","settings":{"logo":"shopify:\/\/shop_images\/Certification_Logos_AquaClean.jpg","name":"","subheading":"","link":""}},"brand_xmktX4":{"type":"brand","settings":{"logo":"shopify:\/\/shop_images\/Certification_Logos_REACH.png","name":"","subheading":"","link":""}},"brand_xWCrqJ":{"type":"brand","settings":{"logo":"shopify:\/\/shop_images\/Certification_Logos_PEFC.png","name":"","subheading":"","link":""}},"brand_BkKqCH":{"type":"brand","settings":{"logo":"shopify:\/\/shop_images\/Certification_Logos_FSC.png","name":"","subheading":"","link":""}},"brand_h763pp":{"type":"brand","settings":{"logo":"shopify:\/\/shop_images\/Certification_Logos_Oeko-Tex.png","name":"","subheading":"","link":""}},"brand_89RpiA":{"type":"brand","settings":{"logo":"shopify:\/\/shop_images\/GRS.png","name":"","subheading":"","link":""}},"brand_pBmmjX":{"type":"brand","settings":{"logo":"shopify:\/\/shop_images\/Certification_Logos_PFCFree.png","name":"","subheading":"","link":""}},"brand_mWRpD8":{"type":"brand","settings":{"logo":"shopify:\/\/shop_images\/QualityStandards_Warranty_EuroPUR.png","name":"","subheading":"","link":""}},"brand_Vq3bUw":{"type":"brand","settings":{"logo":"shopify:\/\/shop_images\/Certification_Logos_SafeFront.png","name":"","subheading":"","link":""}}},"block_order":["brand_J94tJr","brand_xmktX4","brand_xWCrqJ","brand_BkKqCH","brand_h763pp","brand_89RpiA","brand_pBmmjX","brand_mWRpD8","brand_Vq3bUw"],"name":"Brand Slider","settings":{"heading":"Certifications & Labels","subtitle":""}},"multirow_cHCbJC":{"type":"multirow","blocks":{"row_jH6p9i":{"type":"row","settings":{"image":"shopify:\/\/shop_images\/An_elegant_3D_cutaway_illustration_of_a_premium_seat_cushion_in_a_luxury_branding_style._The_cushion_is_shown_in_a_soft_angled_perspective_with_one_corner_cut_open_to_reveal_inner_lay.jpg","caption":"Luxury You Can Feel","heading":"Premium inside, Luxury outside","text":"<p><br\/>Discover the secret behind true comfort. Our premium Spring Down Cushion is crafted with a plush blend of down and feathers, resilient polyfoam, and a core of individually wrapped coil springs for lasting support. Wrapped in soft quilted fabric, it offers a deep, cloud-like seat that always bounces back. Luxury you can see, comfort you can feel - every time you sit.<br\/><br\/><\/p>","button_label":"","button_link":""}},"row_BELfXA":{"type":"row","settings":{"image":"shopify:\/\/shop_images\/Comfort_Furniture_4_1.gif","caption":"Strength in Every Seat","heading":"Built to Last, Made for Living","text":"<p>A sofa isn’t just a piece of furniture, it’s where life happens. From kids jumping in excitement to family movie nights and even those lazy Sunday naps, your sofa should be able to take it all. Built with a strong frame, high-density cushions, and premium upholstery, our sofas are designed to bounce back every time. No sagging, no wear, just lasting comfort and durability you can trust for years to come.<br\/><br\/><\/p>","button_label":"","button_link":""}},"row_cD8KLN":{"type":"row","settings":{"image":"shopify:\/\/shop_images\/water_spill.gif","caption":"Made for Real Life","heading":"Spills Happen. We’ve Got You Covered.","text":"<p>Life happens and sometimes that means accidental spills. Whether it’s a morning coffee, a glass of juice, or your kid’s little experiments, our sofa is designed to handle it all. With easy-to-clean fabric and smart protection, you can simply wipe away the mess without stress. So relax, sip, and enjoy the comfort, we’ve got the spills covered.<br\/><br\/><\/p>","button_label":"","button_link":""}}},"block_order":["row_jH6p9i","row_BELfXA","row_cD8KLN"],"disabled":true,"name":"t:sections.multirow.presets.name","settings":{"image_height":"medium","desktop_image_width":"medium","heading_size":"h1","text_style":"body","button_style":"secondary","desktop_content_position":"middle","desktop_content_alignment":"left","image_layout":"alternate-left","section_color_scheme":"","row_color_scheme":"","mobile_content_alignment":"left","padding_top":36,"padding_bottom":36}},"image_with_text_AceYqg":{"type":"image-with-text","blocks":{"heading_yYGKkm":{"type":"heading","settings":{"heading":"Our sofas adapt to your style — any space, any theme.","heading_size":"h2"}},"text_7J7rjn":{"type":"text","settings":{"text":"<p>Whether you love the clean lines of modern design, the cozy charm of a lived-in space, or the festive energy of the season, our sofas adapt beautifully to your style. See them transform from a simple, elegant base into settings that feel just like home - no matter your mood, theme, or occasion. Imagine it your way, and let your sofa tell your story.<\/p>","text_style":"body"}}},"block_order":["heading_yYGKkm","text_7J7rjn"],"disabled":true,"name":"t:sections.image-with-text.presets.name","settings":{"image":"shopify:\/\/shop_images\/Bernhardt_Tarleton_3-Seater_Brown_Sofa.gif","height":"adapt","desktop_image_width":"medium","layout":"image_first","desktop_content_position":"top","desktop_content_alignment":"left","content_layout":"no-overlap","section_color_scheme":"","color_scheme":"","image_behavior":"zoom-in","mobile_content_alignment":"left","padding_top":36,"padding_bottom":36}},"image_with_text_waPCiz":{"type":"image-with-text","blocks":{"heading_cQ6dkc":{"type":"heading","settings":{"heading":"Design Philosophy","heading_size":"h1"}},"text_GWYCiA":{"type":"text","settings":{"text":"<p>Bernhardt is a luxury heritage brand that has long been associated with iconic furniture design.For over 135 years,the company has celebrated the unique craft of furniture making. Families of artisans have passed down theirskills, creativity and artistry. Today, Bernhardt continues the company’s legacy with a passion for inspired design.<\/p>","text_style":"body"}},"button_BGYAkh":{"type":"button","settings":{"button_label":"Button label","button_link":"","button_style_secondary":false}}},"block_order":["heading_cQ6dkc","text_GWYCiA","button_BGYAkh"],"disabled":true,"name":"t:sections.image-with-text.presets.name","settings":{"image":"shopify:\/\/shop_images\/Bernhardt_Linea_Cocktail_Table_13.png","height":"adapt","desktop_image_width":"medium","layout":"image_first","desktop_content_position":"top","desktop_content_alignment":"left","content_layout":"no-overlap","section_color_scheme":"","color_scheme":"","image_behavior":"none","mobile_content_alignment":"left","padding_top":36,"padding_bottom":36}},"product_before_after_htktch":{"type":"product-before-after","disabled":true,"name":"Product before after","settings":{"padding_top":36,"padding_bottom":36}},"custom_liquid_NhYfBN":{"type":"custom-liquid","name":"t:sections.custom-liquid.presets.name","settings":{"custom_liquid":"<iframe allowfullscreen=\"allowfullscreen\" allow=\"clipboard-write\" scrolling=\"no\" class=\"fp-iframe\" src=\"https:\/\/heyzine.com\/flip-book\/381d8d8ce2.html\" style=\"border: 1px solid lightgray; width: 800%; height: 600px;\"><\/iframe>","color_scheme":"","padding_top":40,"padding_bottom":52}},"1755700639d5fd791e":{"type":"_blocks","blocks":{"ai_gen_block_423fd1d_pr7FqX":{"type":"ai_gen_block_423fd1d","settings":{"enable_collection_pages":true,"enable_product_pages":true,"enable_homepage":false,"enable_all_pages":false,"hide_sale_text":true,"show_status":false,"title":"Sale badges hidden","description":"Sale badges are now hidden on the selected pages while keeping price information visible.","background_color":"#f8f9fa","text_color":"#333333","border_radius":8,"title_size":18,"description_size":14},"blocks":{}}},"block_order":["ai_gen_block_423fd1d_pr7FqX"],"settings":{}}},"order":["banner","rich_text_nwqJnV","custom_liquid_cBzwiY","custom_collection_banner_4ygWzR","product-grid","custom_liquid_C48KVh","image_with_text_CQrqTp","custom_liquid_dCyzbz","custom_logo_brand_PK4FVP","multirow_cHCbJC","image_with_text_AceYqg","image_with_text_waPCiz","product_before_after_htktch","custom_liquid_NhYfBN","1755700639d5fd791e"]}