{"sections":{"banner":{"type":"main-collection-banner","disabled":true,"settings":{"show_collection_image":false,"color_scheme":"scheme-1"}},"rich_text_nwqJnV":{"type":"rich-text","blocks":{"heading_w6GfdE":{"type":"heading","settings":{"heading":"{{ collection.title }}","heading_size":"h1"}}},"block_order":["heading_w6GfdE"],"name":"t:sections.rich-text.presets.name","settings":{"desktop_content_position":"center","content_alignment":"center","color_scheme":"","full_width":true,"padding_top":8,"padding_bottom":0}},"custom_liquid_ifijHP":{"type":"custom-liquid","name":"t:sections.custom-liquid.presets.name","settings":{"custom_liquid":"{% render 'breadcrumbs' %}","color_scheme":"","padding_top":0,"padding_bottom":8}},"custom_collection_banner_4ygWzR":{"type":"custom-collection-banner","name":"Custom Collection Banner","settings":{"banner_image":"shopify:\/\/shop_images\/STRIP_BANNER_2_0.png","banner_text":"Huge Savings! Up to 50% Off Sitewide","banner_link":"","banner_radius":0,"enable_overlay":true}},"product-grid":{"type":"main-collection-product-grid","blocks":{"variant_picker_4qGzBF":{"type":"variant_picker","settings":{"picker_type":"button","swatch_shape":"circle"}}},"block_order":["variant_picker_4qGzBF"],"settings":{"products_per_page":24,"columns_desktop":3,"color_scheme":"scheme-1","image_ratio":"adapt","image_shape":"default","show_secondary_image":true,"show_vendor":false,"show_rating":false,"quick_add":"none","enable_filtering":true,"filter_type":"vertical","enable_sorting":true,"columns_mobile":"2","padding_top":36,"padding_bottom":36}},"custom_liquid_dCyzbz":{"type":"custom-liquid","name":"t:sections.custom-liquid.presets.name","settings":{"custom_liquid":"<div style=\"text-align: center; margin-bottom: 30px;\"> \n  <h2 style=\"font-size: 28px; font-weight: bold; margin: 0 0 25px 0; font-family: Helvetica, Arial, sans-serif; font-style: normal;\">\n    Why You’ll Love Fjords\n  <\/h2>\n<\/div>\n\n<div style=\"display: flex; justify-content: center; gap: 60px; text-align: center; flex-wrap: wrap;\">\n  \n  <div style=\"width:160px;\">\n    <div style=\"height:100px; display:flex; align-items:center; justify-content:center;\">\n      <img src=\"https:\/\/cdn.shopify.com\/s\/files\/1\/0924\/4016\/6685\/files\/quick_conversion_9e2c4e2a-57a4-4280-9614-1784a133d841.png?v=1758737339\" \n           alt=\"Quick Conversion\" style=\"width:85px; max-height:85px; object-fit:contain;\">\n    <\/div>\n    <p style=\"font-size:16px; font-weight:400; font-family: Helvetica, Arial, sans-serif; font-style: normal; margin-top:12px;\">Quick Conversions<\/p>\n  <\/div>\n\n  <div style=\"width:160px;\">\n    <div style=\"height:100px; display:flex; align-items:center; justify-content:center;\">\n      <img src=\"https:\/\/cdn.shopify.com\/s\/files\/1\/0924\/4016\/6685\/files\/warranty_2879ca50-3949-424a-b8ff-fc2ccd4e475e.png?v=1758737339\" \n           alt=\"Warranty\" style=\"width:85px; max-height:85px; object-fit:contain;\">\n    <\/div>\n    <p style=\"font-size:16px; font-weight:400; font-family: Helvetica, Arial, sans-serif; font-style: normal; margin-top:12px;\">5 Year Warranty<\/p>\n  <\/div>\n\n  <div style=\"width:160px;\">\n    <div style=\"height:100px; display:flex; align-items:center; justify-content:center;\">\n      <img src=\"https:\/\/cdn.shopify.com\/s\/files\/1\/0924\/4016\/6685\/files\/multiple_sizes_available_725fe95f-db45-4b86-b0b3-6b54a00b273c.png?v=1758737338\" \n           alt=\"Multiple Sizes Available\" style=\"width:85px; max-height:85px; object-fit:contain;\">\n    <\/div>\n    <p style=\"font-size:16px; font-weight:400; font-family: Helvetica, Arial, sans-serif; font-style: normal; margin-top:12px;\">Multiple Sizes Available<\/p>\n  <\/div>\n\n  <div style=\"width:160px;\">\n    <div style=\"height:100px; display:flex; align-items:center; justify-content:center;\">\n      <img src=\"https:\/\/cdn.shopify.com\/s\/files\/1\/0924\/4016\/6685\/files\/hassle_free_solutions_482b847f-20ce-476a-938d-c8e7933db97b.png?v=1758737338\" \n           alt=\"Hassle Free Solution\" style=\"width:85px; max-height:85px; object-fit:contain;\">\n    <\/div>\n    <p style=\"font-size:16px; font-weight:400; font-family: Helvetica, Arial, sans-serif; font-style: normal; margin-top:12px;\">Hassle Free Solution<\/p>\n  <\/div>\n\n  <div style=\"width:160px;\">\n    <div style=\"height:100px; display:flex; align-items:center; justify-content:center;\">\n      <img src=\"https:\/\/cdn.shopify.com\/s\/files\/1\/0924\/4016\/6685\/files\/High_Density_Foam.png?v=1755275423\" \n           alt=\"High-Resilience Foam\" style=\"width:85px; max-height:85px; object-fit:contain;\">\n    <\/div>\n    <p style=\"font-size:16px; font-weight:400; font-family: Helvetica, Arial, sans-serif; font-style: normal; margin-top:12px;\">High-Resilience Foam<\/p>\n  <\/div>\n\n  <div style=\"width:160px;\">\n    <div style=\"height:100px; display:flex; align-items:center; justify-content:center;\">\n      <img src=\"https:\/\/cdn.shopify.com\/s\/files\/1\/0924\/4016\/6685\/files\/easy_Assembly.png?v=1755275424\" \n           alt=\"Easy Assembly\" style=\"width:85px; max-height:85px; object-fit:contain;\">\n    <\/div>\n    <p style=\"font-size:16px; font-weight:400; font-family: Helvetica, Arial, sans-serif; font-style: normal; margin-top:12px;\">Easy Assembly<\/p>\n  <\/div>\n\n<\/div>","color_scheme":"","padding_top":0,"padding_bottom":0}},"multirow_cHCbJC":{"type":"multirow","blocks":{"row_jH6p9i":{"type":"row","settings":{"image":"shopify:\/\/shop_images\/Fjords_Fabric.jpg","caption":"Tested to meet the highest international standards","heading":"Premium Quality Fabrics You Can Trust","text":"<p><br\/>Our fabric collection is crafted to deliver exceptional durability, comfort, and style. Each fabric undergoes rigorous testing and is approved in accordance with the <strong>Norwegian Møbelfakta quality requirements<\/strong>, ensuring top-notch performance and reliability. Møbelfakta certification is a mark of excellence, as it tests fabrics against <strong>Norwegian and international standards (NS, EN, and ISO)<\/strong> for strength, wear resistance, and safety. This means you can trust that our fabrics are built to last while maintaining their luxurious look and feel. Choose our certified fabrics for furniture that combines <strong>quality, durability, and elegance<\/strong> in every detail.<\/p>","button_label":"","button_link":""}},"row_BELfXA":{"type":"row","settings":{"image":"shopify:\/\/shop_images\/110819_FJORDS_Group-02_11-uai-1032x688.jpg","caption":"Creating Comfort Through Thoughtful Support","heading":"Relaxation is Not a Luxury- It’s Essential","text":"<p>True relaxation goes beyond simply having a soft place to sit or lie down. Whether it’s a chair, sleeper sofa, or recliner, the right furniture should provide <strong>continuous ergonomic support<\/strong>, keeping your body comfortable and well-aligned. Proper support helps prevent strain on your legs and back, reducing fatigue over time.<\/p><p>When your body is fully at ease, blood circulation improves, muscles relax, and your spine is naturally supported at the correct angles. This creates a sense of deep comfort and well-being, turning your living space into a haven where relaxation meets lasting health benefits.<\/p>","button_label":"","button_link":""}},"row_cD8KLN":{"type":"row","settings":{"image":"shopify:\/\/shop_images\/fjords_sustainbility.webp","caption":"Minimalist design, maximum environmental integrity.","heading":"Sustainability Woven into Every Design","text":"<p>At Fjords, <strong>sustainability <\/strong>starts with intentional design, not compromise. Their pieces are crafted using responsibly sourced wood, three distinct types of leather, and high-quality upholstery fabrics: each chosen to uphold environmental standards and build-lasting furniture.<br\/>Embracing minimalist aesthetics translates not only into timeless style but also significantly reduces production waste. By keeping designs elegant and unembellished, Fjords ensures fewer replacements over time resulting in less environmental impact and enduring beauty. <\/p><p>Their sustainable approach merges simplicity with durability, affirming that true elegance lies in thoughtful materials, ethical sourcing, and design that stands the test of time.<\/p>","button_label":"","button_link":""}}},"block_order":["row_jH6p9i","row_BELfXA","row_cD8KLN"],"name":"t:sections.multirow.presets.name","settings":{"image_height":"medium","desktop_image_width":"medium","heading_size":"h1","text_style":"body","button_style":"secondary","desktop_content_position":"middle","desktop_content_alignment":"left","image_layout":"alternate-left","section_color_scheme":"","row_color_scheme":"","mobile_content_alignment":"left","padding_top":36,"padding_bottom":36}},"image_with_text_hEk4B9":{"type":"image-with-text","blocks":{"heading_JmQhdw":{"type":"heading","settings":{"heading":"Your Style, Your Sleeper","heading_size":"h2"}},"text_czwmkH":{"type":"text","settings":{"text":"<p>The <strong>Nordic REST Collection<\/strong> offers sleek, hassle-free sofa beds that elegantly transition from seated comfort to restful sleep. Crafted for modern living, each piece blends effortless convenience with refined design tailored to reflect your personal style.<br\/><br\/>With a wide range of options in <strong>colors, fabrics, styles, and finishes,<\/strong> you can choose a piece that perfectly reflects your taste. Designed to suit your space, it’s furniture made truly yours.<br\/><br\/>Built with superior craftsmanship and lasting durability, these sofa beds are made to serve you for years to come. Whether for hosting guests or elevating everyday living, the Nordic REST Collection is where function meets timeless design.<br\/><br\/><\/p>","text_style":"body"}},"button_PjJg4H":{"type":"button","settings":{"button_label":"Shop Now","button_link":"shopify:\/\/products\/fjords-nordic-rest-nora-fabric-queen-sleeper-sofa","button_style_secondary":false}}},"block_order":["heading_JmQhdw","text_czwmkH","button_PjJg4H"],"name":"t:sections.image-with-text.presets.name","settings":{"image":"shopify:\/\/shop_images\/fjords_collection_page_4.gif","height":"adapt","desktop_image_width":"medium","layout":"image_first","desktop_content_position":"top","desktop_content_alignment":"left","content_layout":"no-overlap","section_color_scheme":"","color_scheme":"","image_behavior":"none","mobile_content_alignment":"left","padding_top":36,"padding_bottom":36}},"image_with_text_waPCiz":{"type":"image-with-text","blocks":{"heading_cQ6dkc":{"type":"heading","settings":{"heading":"Design Philosophy","heading_size":"h1"}},"text_GWYCiA":{"type":"text","settings":{"text":"<p>Bernhardt is a luxury heritage brand that has long been associated with iconic furniture design.For over 135 years,the company has celebrated the unique craft of furniture making. Families of artisans have passed down theirskills, creativity and artistry. Today, Bernhardt continues the company’s legacy with a passion for inspired design.<\/p>","text_style":"body"}},"button_BGYAkh":{"type":"button","settings":{"button_label":"Button label","button_link":"","button_style_secondary":false}}},"block_order":["heading_cQ6dkc","text_GWYCiA","button_BGYAkh"],"disabled":true,"name":"t:sections.image-with-text.presets.name","settings":{"image":"shopify:\/\/shop_images\/Bernhardt_Linea_Cocktail_Table_13.png","height":"adapt","desktop_image_width":"medium","layout":"image_first","desktop_content_position":"top","desktop_content_alignment":"left","content_layout":"no-overlap","section_color_scheme":"","color_scheme":"","image_behavior":"none","mobile_content_alignment":"left","padding_top":36,"padding_bottom":36}},"product_before_after_htktch":{"type":"product-before-after","name":"Product before after","settings":{"padding_top":36,"padding_bottom":36}},"custom_liquid_NhYfBN":{"type":"custom-liquid","disabled":true,"name":"t:sections.custom-liquid.presets.name","settings":{"custom_liquid":"<iframe allowfullscreen=\"allowfullscreen\" allow=\"clipboard-write\" scrolling=\"no\" class=\"fp-iframe\" src=\"https:\/\/heyzine.com\/flip-book\/c080387fe4.html\" style=\"border: 1px solid lightgray; width: 800px; height: 600px;\"><\/iframe>","color_scheme":"","padding_top":40,"padding_bottom":52}},"1755700639d5fd791e":{"type":"_blocks","blocks":{"ai_gen_block_423fd1d_pr7FqX":{"type":"ai_gen_block_423fd1d","settings":{"enable_collection_pages":true,"enable_product_pages":true,"enable_homepage":false,"enable_all_pages":false,"hide_sale_text":true,"show_status":false,"title":"Sale badges hidden","description":"Sale badges are now hidden on the selected pages while keeping price information visible.","background_color":"#f8f9fa","text_color":"#333333","border_radius":8,"title_size":18,"description_size":14},"blocks":{}}},"block_order":["ai_gen_block_423fd1d_pr7FqX"],"settings":{}}},"order":["banner","rich_text_nwqJnV","custom_liquid_ifijHP","custom_collection_banner_4ygWzR","product-grid","custom_liquid_dCyzbz","multirow_cHCbJC","image_with_text_hEk4B9","image_with_text_waPCiz","product_before_after_htktch","custom_liquid_NhYfBN","1755700639d5fd791e"]}