{"sections":{"custom_banner_RfpzHG":{"type":"custom-banner","blocks":{"image_block_EXDPN4":{"type":"image_block","settings":{"image":"shopify:\/\/shop_images\/luonto_963a17c2-bc70-45b4-8247-a004542d3c82.png","title":"","button_position":"center-left","button_text":"Explore Now","link":"shopify:\/\/collections\/recliner"}},"image_block_HF3hqm":{"type":"image_block","settings":{"image":"shopify:\/\/shop_images\/bernhardt_083a4f85-3362-4fbe-94e5-9d906936ce17.png","title":"","button_position":"center-left","button_text":"Explore Now","link":"shopify:\/\/collections\/universal-furniture-collection"}},"image_block_mx4B8J":{"type":"image_block","settings":{"image":"shopify:\/\/shop_images\/Fjords_1cc692c4-0833-4c61-913b-884647e24669.png","title":"","button_position":"center-left","button_text":"Explore Now","link":"shopify:\/\/collections\/luonto-collection"}}},"block_order":["image_block_EXDPN4","image_block_HF3hqm","image_block_mx4B8J"],"custom_css":[],"name":"Custom Grid Banner","settings":{"button_svg":false,"button_type":"solid","left_image":"shopify:\/\/shop_images\/BIG_IMAGE_ea31c561-1a87-4997-a1b6-4945931f31c0.png","badge":"","title":"","subtitle":"","button_position":"bottom-right","button_label":"Explore Now","button_link":"shopify:\/\/collections\/fjords-collection","marquee_text":"Premium Materials <span class=\"luxury-dot\"><\/span> White Glove Delivery <span class=\"luxury-dot\"><\/span> Rich Palette of Fabrics","video_poster":"shopify:\/\/shop_images\/image_14.png","video":"shopify:\/\/files\/videos\/Copy of Untitled (4).mp4","video_caption":"","middle_bottom_image":"shopify:\/\/shop_images\/2ND_BIG_IMAGE_option_2_77b15b59-90b8-4aed-a3d2-d13f2e74bdda.png","middle_bottom_logo":"shopify:\/\/shop_images\/Universal_Fletcher_Sectional_Sofa_26.jpg","middle_bottom_title":"Admiral R","middle_bottom_arrow":"shopify:\/\/shop_images\/Vector.png","button_position_middle":"center-left","title1":"","button_text_middle":"Explore Now","middle_bottom_link":"shopify:\/\/collections\/bernhardt-living-room-furniture","padding_top":0,"padding_bottom":20}},"collection_list_NMXeF3":{"type":"collection-list","blocks":{"featured_collection_ijxi7k":{"type":"featured_collection","settings":{"collection":"bernhardt-living-room-furniture","choose_image":"shopify:\/\/shop_images\/bernhardt_fbb7d417-de8d-4c3b-a850-b3401c66f662.png"}},"featured_collection_pLzmDb":{"type":"featured_collection","settings":{"collection":"chair-tables","choose_image":"shopify:\/\/shop_images\/accent_chairs.png"}},"featured_collection_iajmMQ":{"type":"featured_collection","settings":{"collection":"fjords-collection"}},"featured_collection_8LLRzW":{"type":"featured_collection","settings":{"collection":"sectional-furniture","choose_image":"shopify:\/\/shop_images\/sectionals.png"}},"featured_collection_eJJjpc":{"type":"featured_collection","settings":{"collection":"sleeper-sofa"}},"featured_collection_B7azRp":{"type":"featured_collection","settings":{"collection":"universal-furniture-collection","choose_image":"shopify:\/\/shop_images\/universal_furniture_853fa4b4-5c56-4317-8aa8-bff56a0eb0f6.png"}}},"block_order":["featured_collection_ijxi7k","featured_collection_pLzmDb","featured_collection_iajmMQ","featured_collection_8LLRzW","featured_collection_eJJjpc","featured_collection_B7azRp"],"name":"t:sections.collection-list.presets.name","settings":{"title":"Featured Collections","description":"<p>Not sure where to start? These curated collections are a great place to get inspired. They are packed with pieces that look amazing, feel comfortable, and fit right into everyday life.<\/p>","heading_size":"h1","image_ratio":"square","columns_desktop":5,"color_scheme":"scheme-1a9bdd90-e974-43b8-ae5c-e5b2e78f72d3","show_view_all":false,"columns_mobile":"1","swipe_on_mobile":false,"padding_top":32,"padding_bottom":32}},"custom_text_with_slider_mK36wB":{"type":"custom-text-with-slider","blocks":{"style_tab_xXwaTW":{"type":"style_tab","settings":{"image":"shopify:\/\/shop_images\/Fjords_Finn_Leather_Swivel_Glider_Power_Recliner_Chair_29_9be23e43-d509-4c80-818c-7d2711522543.png","tab_title":"Chairs","tab_url":"shopify:\/\/collections\/chair-tables","tab_text":"A good chair is like your personal little comfort zone. Cozy, modern, laid-back or bold, we have got options that check all the boxes. Pick a chair that fits your vibe and gives you a spot to sit, relax or just look good doing nothing."}},"style_tab_BLtfkk":{"type":"style_tab","settings":{"image":"shopify:\/\/shop_images\/Universal_Shelborne_Chaise_LAF_Loveseat_RAF_2-Piece_Sofa02_81da0ca9-aa68-4d62-a72a-d36250980fdf.png","tab_title":"Sofas","tab_url":"shopify:\/\/collections\/sleeper-sofa","tab_text":"Looking for that \"come on in and get comfy\" sofa? It's where you hang out, unwind, scroll, basically live your life. So you can find the best sofa that feels right at home here."}},"style_tab_UBcDpE":{"type":"style_tab","settings":{"image":"shopify:\/\/shop_images\/20251114_175523_5c1d9a81-b378-499c-808d-dcf95b028b52.jpg","tab_title":"Sectional Sofas","tab_url":"shopify:\/\/collections\/bernhardt-living-room-furniture","tab_text":"If you like extra space, a sectional is a total win. Pick the shape and layout you like and make the most of your space without overthinking it."}},"style_tab_x79gk4":{"type":"style_tab","settings":{"image":"shopify:\/\/shop_images\/20250909_225510_08b36ba3-a519-4910-afad-b92d1c749abd.jpg","tab_title":"Motion Recliners","tab_url":"shopify:\/\/collections\/bernhardt-living-room-furniture","tab_text":"You know that feeling when you finally sit down after a long day? A motion recliner with smooth reclining and easy comfort makes the moment even better."}}},"block_order":["style_tab_xXwaTW","style_tab_BLtfkk","style_tab_UBcDpE","style_tab_x79gk4"],"name":"Custom Text Slider","settings":{"heading":"Pick Your Own Style","padding_top":32,"padding_bottom":32}},"trending_tabs_tL3Ffr":{"type":"trending-tabs","blocks":{"collection_tab_LVEmGX":{"type":"collection_tab","settings":{"tab_title":"Hot Deals","collection":"bernhardt-living-room-furniture"}},"collection_tab_qpEizp":{"type":"collection_tab","settings":{"tab_title":"Featured","collection":"fjords-collection"}},"collection_tab_wnRRbG":{"type":"collection_tab","settings":{"tab_title":"Best Sellers","collection":"sectional-furniture"}}},"block_order":["collection_tab_LVEmGX","collection_tab_qpEizp","collection_tab_wnRRbG"],"name":"Trending Tabs","settings":{"heading":"Trending Now","products_to_show":12,"columns_desktop":4,"full_width":false,"show_view_all":true,"view_all_style":"solid","enable_desktop_slider":true,"color_scheme":"","image_ratio":"adapt","image_shape":"default","show_secondary_image":true,"show_vendor":false,"show_rating":false,"quick_add":"none","columns_mobile":"2","swipe_on_mobile":true,"padding_top":32,"padding_bottom":32}},"custom_comfort_zone_REEAE6":{"type":"custom-comfort-zone","blocks":{"feature_iPtbBh":{"type":"feature","settings":{"icon":"shopify:\/\/shop_images\/Vector_10.png","feature_title":"100% Italian leather"}},"feature_k9Efr8":{"type":"feature","settings":{"icon":"shopify:\/\/shop_images\/Vector_11.png","feature_title":"Dual-Power Recliner"}},"feature_dMLwcP":{"type":"feature","settings":{"icon":"shopify:\/\/shop_images\/Vector_12.png","feature_title":"Down-filled Cushions"}},"feature_4ypfXk":{"type":"feature","settings":{"icon":"shopify:\/\/shop_images\/Vector_13.png","feature_title":"Value For Money"}}},"block_order":["feature_iPtbBh","feature_k9Efr8","feature_dMLwcP","feature_4ypfXk"],"name":"Custom Comfort Zone","settings":{"left_image":"shopify:\/\/shop_images\/Rectangle_10.png","left_image_link":"shopify:\/\/products\/klaussner-alessandro-double-power-leather-swivel-recliner","right_image":"shopify:\/\/shop_images\/Rectangle_11.png","right_image_link":"shopify:\/\/products\/klaussner-eterna-burnie-swivel-power-recliner-lift-chair-in-blue","badge_text":"New Pieces","subtitle":"RECLINE. RELAX. REPEAT.","title":"Your Forever Comfort Zone","description":"Settle into comfort that goes the extra mile with smooth dual-power reclining, plush down-filled cushions, and genuine Italian leather. This collection brings luxury into everyday life without the luxury price tag. It's comfort built to last and value you can feel the moment you sit down.","button_text":"Explore More","button_link":"","padding_top":32,"padding_bottom":32}},"image_banner_8pzkaq":{"type":"image-banner","blocks":{"heading_MU3A6h":{"type":"heading","disabled":true,"settings":{"heading":"Image banner","heading_size":"h1"}},"text_Y3nb8e":{"type":"text","disabled":true,"settings":{"text":"Give customers details about the banner image(s) or content on the template.","text_style":"body"}},"buttons_BTLzmJ":{"type":"buttons","disabled":true,"settings":{"button_label_1":"Button label","button_link_1":"","button_style_secondary_1":false,"button_label_2":"Button label","button_link_2":"","button_style_secondary_2":false}}},"block_order":["heading_MU3A6h","text_Y3nb8e","buttons_BTLzmJ"],"name":"t:sections.image-banner.presets.name","settings":{"image":"shopify:\/\/shop_images\/bernhardt_collections_2a07e829-4e09-46ac-a749-16846175e3d3.png","mobile_image":"shopify:\/\/shop_images\/bernhardt_collections_2a07e829-4e09-46ac-a749-16846175e3d3.png","banner_link":"shopify:\/\/collections\/bernhardt-living-room-furniture","image_overlay":0,"image_height":"adapt","desktop_content_position":"middle-center","show_text_box":true,"desktop_content_alignment":"center","color_scheme":"","image_behavior":"none","mobile_content_alignment":"center","stack_images_on_mobile":true,"show_text_below":true}},"featured_collection_XqPQKg":{"type":"featured-collection","blocks":{"variant_picker_WkbmqB":{"type":"variant_picker","settings":{"picker_type":"button","swatch_shape":"circle"}}},"block_order":["variant_picker_WkbmqB"],"name":"t:sections.featured-collection.presets.name","settings":{"title":"Bernhardt Sale","heading_size":"h1","description":"","show_description":false,"description_style":"body","collection":"bernhardt-living-room-furniture","products_to_show":10,"columns_desktop":4,"full_width":false,"show_view_all":true,"view_all_style":"solid","enable_desktop_slider":true,"color_scheme":"","image_ratio":"adapt","image_shape":"default","show_secondary_image":true,"show_vendor":false,"show_rating":false,"quick_add":"none","columns_mobile":"2","swipe_on_mobile":true,"padding_top":32,"padding_bottom":32}},"custom_image_banner_TbftCW":{"type":"custom-image-banner","name":"Custom Image Banner","settings":{"left_image":"shopify:\/\/shop_images\/GioItalia_Wanner_6-Piece_Butternut_Leather_Power_Reclining_Sectional_1_b267488f-4de3-4bab-94bb-9a8b7ec5f372.png","right_image":"shopify:\/\/shop_images\/BlissSectionalSofa_1_4d51056e-8b5e-4d2b-9d10-4cf7e10d9507.png","badge_text":"Sitewide Savings","heading":"Enjoy Up to 50% Off","subtitle":"","button_label":"Use Code: COMFORT2025","button_link":"shopify:\/\/collections\/fjords-collection","padding_top":36,"padding_bottom":36}},"image_banner_FRDibw":{"type":"image-banner","name":"t:sections.image-banner.presets.name","settings":{"image":"shopify:\/\/shop_images\/fjords_collections_981834e0-6096-4f6a-aa2f-d8a0ee9d98a7.png","mobile_image":"shopify:\/\/shop_images\/fjords_collections_981834e0-6096-4f6a-aa2f-d8a0ee9d98a7.png","banner_link":"shopify:\/\/collections\/fjords-collection","image_overlay":0,"image_height":"adapt","desktop_content_position":"middle-center","show_text_box":true,"desktop_content_alignment":"center","color_scheme":"","image_behavior":"none","mobile_content_alignment":"center","stack_images_on_mobile":true,"show_text_below":true}},"featured_collection_GmB8X4":{"type":"featured-collection","blocks":{"variant_picker_RcBigr":{"type":"variant_picker","settings":{"picker_type":"button","swatch_shape":"circle"}}},"block_order":["variant_picker_RcBigr"],"name":"t:sections.featured-collection.presets.name","settings":{"title":"Fjords Sale","heading_size":"h1","description":"","show_description":false,"description_style":"body","collection":"fjords-collection","products_to_show":10,"columns_desktop":4,"full_width":false,"show_view_all":true,"view_all_style":"solid","enable_desktop_slider":true,"color_scheme":"","image_ratio":"adapt","image_shape":"default","show_secondary_image":true,"show_vendor":false,"show_rating":false,"quick_add":"none","columns_mobile":"2","swipe_on_mobile":true,"padding_top":32,"padding_bottom":0}},"featured_collection_eeGWqD":{"type":"featured-collection","disabled":true,"name":"t:sections.featured-collection.presets.name","settings":{"title":"Bernhardt Sale","heading_size":"h1","description":"","show_description":false,"description_style":"body","collection":"bernhardt-living-room-furniture","products_to_show":3,"columns_desktop":3,"full_width":false,"show_view_all":true,"view_all_style":"solid","enable_desktop_slider":false,"color_scheme":"","image_ratio":"adapt","image_shape":"default","show_secondary_image":false,"show_vendor":false,"show_rating":false,"quick_add":"none","columns_mobile":"2","swipe_on_mobile":false,"padding_top":0,"padding_bottom":60}}},"order":["custom_banner_RfpzHG","collection_list_NMXeF3","custom_text_with_slider_mK36wB","trending_tabs_tL3Ffr","custom_comfort_zone_REEAE6","image_banner_8pzkaq","featured_collection_XqPQKg","custom_image_banner_TbftCW","image_banner_FRDibw","featured_collection_GmB8X4","featured_collection_eeGWqD"]}