{"sections":{"main":{"type":"main-page","settings":{"padding_top":36,"padding_bottom":0}},"rich_text_LyMh86":{"type":"rich-text","blocks":{"heading_BUYda3":{"type":"heading","settings":{"heading":"Get in touch","heading_size":"h1"}},"text_6dKL8n":{"type":"text","settings":{"text":"<p>If you have any questions or comments, you are welcome to contact us. Please write the concern of your email in the subject field to make sure we get your email to the right person instantly.<\/p><p><br\/>We will get back to you as soon as possible and aim at answering inquires within 2-3 Business days<br\/><br\/><br\/><br\/><\/p>"}},"button_3B4XRj":{"type":"button","disabled":true,"settings":{"button_label":"Button label","button_link":"","button_style_secondary":false,"button_label_2":"","button_link_2":"","button_style_secondary_2":false}}},"block_order":["heading_BUYda3","text_6dKL8n","button_3B4XRj"],"name":"t:sections.rich-text.presets.name","settings":{"desktop_content_position":"center","content_alignment":"center","color_scheme":"","full_width":true,"padding_top":0,"padding_bottom":0}},"form":{"type":"contact-form","settings":{"heading":"","heading_size":"h1","color_scheme":"scheme-1","padding_top":36,"padding_bottom":36}}},"order":["main","rich_text_LyMh86","form"]}