{"sections":{"custom_collection_banner_EtYDFf":{"type":"custom-collection-banner","name":"Dynamic Responsive Banner","settings":{"banner_image":"shopify:\/\/shop_images\/STRIP_BANNER_2_28142bd6-cb4e-4457-9b54-09c85a43fe21.png","banner_text":"Cyber Monday Sale | Call or Text for Discounts","banner_link":"","banner_radius":10,"enable_overlay":true}},"main":{"type":"main-product","blocks":{"custom_liquid_rjYnr9":{"type":"custom_liquid","settings":{"custom_liquid":"<div class=\"custom-ratings-cards-outer\">\n\n<div class=\"vendor\">\n{{ product.vendor }}\n<\/div>\n<div class=\"custom-ratings-cards\">\n              {%- if product.metafields.reviews.rating.value != blank -%}\n              {% liquid\n                assign rating_decimal = 0\n                assign decimal = product.metafields.reviews.rating.value.rating | modulo: 1\n                if decimal >= 0.3 and decimal <= 0.7\n                  assign rating_decimal = 0.5\n                elsif decimal > 0.7\n                  assign rating_decimal = 1\n                endif\n              %}\n              <div\n                class=\"rating\"\n                role=\"img\"\n                aria-label=\"{{ 'accessibility.star_reviews_info' | t: rating_value: product.metafields.reviews.rating.value, rating_max: product.metafields.reviews.rating.value.scale_max }}\"\n              >\n                <span\n                  aria-hidden=\"true\"\n                  class=\"rating-star\"\n                  style=\"--rating: {{ product.metafields.reviews.rating.value.rating | floor }}; --rating-max: {{ product.metafields.reviews.rating.value.scale_max }}; --rating-decimal: {{ rating_decimal }};\"\n                ><\/span>\n              <\/div>\n              <p class=\"rating-text caption\">\n                <span aria-hidden=\"true\">\n                  {{- product.metafields.reviews.rating.value }} \/\n                  {{ product.metafields.reviews.rating.value.scale_max -}}\n                <\/span>\n              <\/p>\n              <p class=\"rating-count caption\">\n                <span aria-hidden=\"true\">({{ product.metafields.reviews.rating_count }})<\/span>\n                <span class=\"visually-hidden\">\n                  {{- product.metafields.reviews.rating_count }}\n                  {{ 'accessibility.total_reviews' | t -}}\n                <\/span>\n              <\/p>\n            {%- endif -%}\n            <\/div>\n\n\n            <\/div>"}},"sku_K47tUB":{"type":"sku","disabled":true,"settings":{"text_style":"body"}},"judge_me_reviews_preview_badge_iwDiac":{"type":"shopify:\/\/apps\/judge-me-reviews\/blocks\/preview_badge\/61ccd3b1-a9f2-4160-9fe9-4fec8413e5d8","disabled":true,"settings":{}},"custom_liquid_4dGD6d":{"type":"custom_liquid","disabled":true,"settings":{"custom_liquid":"<div class=\"custom-ratings-cards\">\n              {%- if product.metafields.reviews.rating.value != blank -%}\n              {% liquid\n                assign rating_decimal = 0\n                assign decimal = product.metafields.reviews.rating.value.rating | modulo: 1\n                if decimal >= 0.3 and decimal <= 0.7\n                  assign rating_decimal = 0.5\n                elsif decimal > 0.7\n                  assign rating_decimal = 1\n                endif\n              %}\n              <div\n                class=\"rating\"\n                role=\"img\"\n                aria-label=\"{{ 'accessibility.star_reviews_info' | t: rating_value: product.metafields.reviews.rating.value, rating_max: product.metafields.reviews.rating.value.scale_max }}\"\n              >\n                <span\n                  aria-hidden=\"true\"\n                  class=\"rating-star\"\n                  style=\"--rating: {{ product.metafields.reviews.rating.value.rating | floor }}; --rating-max: {{ product.metafields.reviews.rating.value.scale_max }}; --rating-decimal: {{ rating_decimal }};\"\n                ><\/span>\n              <\/div>\n              <p class=\"rating-text caption\">\n                <span aria-hidden=\"true\">\n                  {{- product.metafields.reviews.rating.value }} \/\n                  {{ product.metafields.reviews.rating.value.scale_max -}}\n                <\/span>\n              <\/p>\n              <p class=\"rating-count caption\">\n                <span aria-hidden=\"true\">({{ product.metafields.reviews.rating_count }})<\/span>\n                <span class=\"visually-hidden\">\n                  {{- product.metafields.reviews.rating_count }}\n                  {{ 'accessibility.total_reviews' | t -}}\n                <\/span>\n              <\/p>\n            {%- endif -%}\n            <\/div>"}},"rating_rqAXCP":{"type":"rating","disabled":true,"settings":{}},"vendor":{"type":"text","disabled":true,"settings":{"show_title":false,"show_title_text":"","text":"<p>{{ product.vendor }}<\/p>","text_style":"uppercase"}},"title":{"type":"title","settings":{}},"custom_liquid_BMPeDE":{"type":"custom_liquid","settings":{"custom_liquid":"{% if product.metafields.custom.multiple_offers %}\n  <ul class=\"best-offer-list-wrapper\">\n    {% for offer in product.metafields.custom.multiple_offers.value %}\n      <li>{{ offer }}<\/li>\n    {% endfor %}\n  <\/ul>\n{% endif %}"}},"price":{"type":"price","settings":{}},"inventory_NwaLWr":{"type":"inventory","settings":{"text_style":"body","inventory_threshold":10,"show_inventory_quantity":false}},"variant_picker":{"type":"variant_picker","settings":{"picker_type":"button","swatch_shape":"circle"}},"text_3mhfpY":{"type":"text","settings":{"show_title":true,"show_title_text":"Sofa Feature","text":"{{ product.metafields.my_fields.features | metafield_tag }}","text_style":"body"}},"quantity_selector":{"type":"quantity_selector","disabled":true,"settings":{}},"buy_buttons":{"type":"buy_buttons","settings":{"show_dynamic_checkout":false,"show_gift_card_recipient":true}},"description":{"type":"description","settings":{}},"share":{"type":"share","disabled":true,"settings":{"share_label":"Share"}},"collapsible_tab_pRBBVX":{"type":"collapsible_tab","settings":{"heading":"Dimensions","icon":"none","liquid":"","content":"{{ product.metafields.custom.dimension | metafield_tag }}","page":""}},"collapsible_tab_image_6fkdmU":{"type":"collapsible_tab_image","settings":{"heading_image":"Dimensions Image"}},"collapsible_tab_cGqaTN":{"type":"collapsible_tab","settings":{"heading":"Features","icon":"none","liquid":"","content":"{{ product.metafields.custom.product_feature | metafield_tag }}","page":""}},"collapsible_tab_hGMnqw":{"type":"collapsible_tab","settings":{"heading":"Warranty","icon":"check_mark","liquid":"","content":"{{ product.metafields.custom.product_warrenty | metafield_tag }}","page":""}},"collapsible_tab_7eYMTe":{"type":"collapsible_tab","settings":{"heading":"Materials","icon":"none","liquid":"","content":"{{ product.metafields.my_fields.material | metafield_tag }}","page":""}},"collapsible_tab_VzdGei":{"type":"collapsible_tab","settings":{"heading":"Fabric","icon":"none","liquid":"{% if product.metafields.custom.choose_fabrics.value %}\n              <div class=\"fabric_json\">\n                {% for fabric in  product.metafields.custom.choose_fabrics.value %}\n                <div class=\"main-div\">\n                      <div class=\"heading_fabric\">\n                        {{ fabric.heading }}\n                      <\/div>\n                      <div class=\"fabric_json-item\">\n                        <div class=\"fabric_json-icon\">\n                          <img src=\"{{ fabric.choose_image | image_url: width: 200  }}\">\n                        <\/div>\n                      <div class=\"fabric_text_right\">\n                        <div class=\"fabric_json-text\">{{ fabric.title }}<\/div>\n                        <div class=\"fabric_json-grade\">Grade: {{ fabric.grade }}<\/div>\n                        <div class=\"fabric_json-grade\">Cleaning Code:  {{ fabric.cleaning_code }}<\/div>\n                      <\/div>\n                    <\/div>\n                      <div class=\"click_note\" id=\"popup_{{ forloop.index}}\">\n                      Learn More\n                      <\/div>\n                <\/div>\n                {% endfor %}\n\n              <\/div>\n{%endif %}","content":"","page":""}},"collapsible_tab_QgytYk":{"type":"collapsible_tab","settings":{"heading":"Care Instructions","icon":"none","liquid":"{% assign care_instructions = product.metafields.custom.choose_care_instructions.value %}\n\n{% if care_instructions %}\n  <div class=\"care-instructions\">\n    {% for instruction in care_instructions %}\n      <div class=\"care-instruction-item\">\n        <div class=\"care-instruction-icon\">\n          <img src=\"{{ instruction.image | image_url: width: 300 }}\">\n        <\/div>\n        <div class=\"care-instruction-text\">\n          {{ instruction.title }}\n        <\/div>\n      <\/div>\n    {% endfor %}\n  <\/div>\n{% endif %}","content":"{{ product.metafields.custom.care_instructions | metafield_tag }}","page":""}},"collapsible_tab_pdf_it3yV7":{"type":"collapsible_tab_pdf","settings":{"heading":"Helpful Resources","icon":"check_mark","liquid":"","heading1":"","pdf1":"","heading2":"","pdf2":"","heading3":"","pdf3":"","heading4":"","pdf4":"","heading5":"","pdf5":"","heading6":"","pdf6":"","heading7":"","pdf7":"","heading8":"","pdf8":"","heading9":"","pdf9":"","heading10":"","pdf10":""}},"collapsible_tab_xdbfeJ":{"type":"collapsible_tab","disabled":true,"settings":{"heading":"Helpful Resources","icon":"none","liquid":"{% if product.metafields.custom.choose_pdf %}\n  {% assign care_instructions = product.metafields.custom.choose_pdf.value %}\n  <div class=\"care-instructions pdf-resources\">\n    {% for instruction in care_instructions %}\n      <a href=\"{{ instruction.pdf }}\" target=\"_blank\" class=\"care-instruction-item\">\n\n        <div class=\"care-instruction-icon\">\n<img src=\"{{ instruction.icon }}\">\n        <\/div>\n\n        <div class=\"care-instruction-text\">\n          {{ instruction.text }}\n        <\/div>\n\n\n      <\/a>\n    {% endfor %}\n  <\/div>\n{% endif %}","content":"","page":""}},"collapsible_tab_XY8mCz":{"type":"collapsible_tab","settings":{"heading":"Box Size & Weight","icon":"none","liquid":"","content":"","page":""}},"collapsible_tab_DQLgU8":{"type":"collapsible_tab","disabled":true,"settings":{"heading":"Disclaimer","icon":"none","liquid":"","content":"","page":""}}},"block_order":["custom_liquid_rjYnr9","sku_K47tUB","judge_me_reviews_preview_badge_iwDiac","custom_liquid_4dGD6d","rating_rqAXCP","vendor","title","custom_liquid_BMPeDE","price","inventory_NwaLWr","variant_picker","text_3mhfpY","quantity_selector","buy_buttons","description","share","collapsible_tab_pRBBVX","collapsible_tab_image_6fkdmU","collapsible_tab_cGqaTN","collapsible_tab_hGMnqw","collapsible_tab_7eYMTe","collapsible_tab_VzdGei","collapsible_tab_QgytYk","collapsible_tab_pdf_it3yV7","collapsible_tab_xdbfeJ","collapsible_tab_XY8mCz","collapsible_tab_DQLgU8"],"settings":{"enable_sticky_box":false,"enable_sticky_info":true,"color_scheme":"scheme-1","media_size":"medium","constrain_to_viewport":true,"media_fit":"cover","gallery_layout":"thumbnail_slider","media_position":"left","image_zoom":"hover","mobile_thumbnails":"hide","hide_variants":true,"enable_video_looping":false,"padding_top":20,"padding_bottom":0}},"multirow_GkrHc6":{"type":"multirow","blocks":{"row_8jjDz6":{"type":"row","settings":{"poster_video_local":"{{ product.metafields.custom.choose_video.value }}","image":"{{ product.metafields.custom.firstimage.value }}","caption":"","heading":"{{ product.metafields.custom.firstimagetitle.value }}","text":"<p><\/p>{{ product.metafields.custom.firstimagedescription | metafield_tag }}","button_label":"","button_link":""}},"row_ARmDBT":{"type":"row","settings":{"image":"{{ product.metafields.custom.secondimage.value }}","caption":"","heading":"{{ product.metafields.custom.secondimagetitle.value }}","text":"{{ product.metafields.custom.secondimagedescription | metafield_tag }}","button_label":"","button_link":""}},"row_Tamxkp":{"type":"row","settings":{"image":"{{ product.metafields.custom.thirdimage.value }}","caption":"","heading":"{{ product.metafields.custom.thirdimagetitle.value }}","text":"{{ product.metafields.custom.thirdimagedescription | metafield_tag }}","button_label":"","button_link":""}}},"block_order":["row_8jjDz6","row_ARmDBT","row_Tamxkp"],"name":"t:sections.multirow.presets.name","settings":{"image_height":"adapt","desktop_image_width":"medium","heading_size":"h2","text_style":"body","button_style":"primary","desktop_content_position":"middle","desktop_content_alignment":"left","image_layout":"alternate-right","section_color_scheme":"scheme-1","row_color_scheme":"scheme-2","mobile_content_alignment":"left","padding_top":36,"padding_bottom":36}},"product_multirow_RcBUJn":{"type":"product-multirow","settings":{"image_height":"medium","desktop_image_width":"medium","heading_size":"h1","text_style":"body","button_style":"primary","desktop_content_position":"middle","desktop_content_alignment":"left","image_layout":"alternate-right","section_color_scheme":"","row_color_scheme":"","mobile_content_alignment":"left","padding_top":40,"padding_bottom":40}},"product_before_after_xmCdph":{"type":"product-before-after","disabled":true,"settings":{"padding_top":36,"padding_bottom":36}},"related-products":{"type":"related-products","settings":{"heading":"You may also like","heading_size":"h2","products_to_show":4,"columns_desktop":4,"color_scheme":"scheme-1","image_ratio":"adapt","image_shape":"default","show_secondary_image":true,"show_vendor":false,"show_rating":false,"columns_mobile":"2","padding_top":0,"padding_bottom":28}},"product_tabs_tdKRVz":{"type":"product-tabs","blocks":{"row_TprFA4":{"type":"row","settings":{"tab_name":"Heritage","image":"shopify:\/\/shop_images\/Add_a_heading_1.png","caption":"","heading":"Luonto: A Legacy of Craft, Nature, and Family","text":"<p>Founded in Finland in 1964 by Pentti Viitala, Luonto began in a humble hay-barn, where worn sofas were lovingly re-upholstered and sold door-to-door. Over generations, this family venture blossomed from making sofas in an old schoolhouse to building modern factories, expanding internationally, and launching a North American hub in Charleston. Through it all, Luonto has remained rooted in its mission: offering fine, functional furniture at fair prices. Deeply connected to nature (Luonto means “nature” in Finnish), the brand blends craftsmanship, quality, and sustainability-repurposing resources, sourcing eco-certified materials, and making pieces that honor both people and planet.<br\/><\/p>","button_label":"","button_link":""}},"row_8MMq8Q":{"type":"row","disabled":true,"settings":{"tab_name":"Spring","image":"shopify:\/\/shop_images\/5_992eea99-cde9-46e7-ab51-54e49fb4443f.png","caption":"","heading":"Spring","text":"<p>This spring construction is designed to be both sturdy and comfortable. It features a combination of heavy-duty sinuous springs with each layer connected with elastic webbing to ensure durability and long-lasting comfort. This construction is designed to ensure maximum comfort, support, and durability.<\/p>","button_label":"Button label","button_link":""}},"row_MNjzWf":{"type":"row","disabled":true,"settings":{"tab_name":"Dubetina","image":"shopify:\/\/shop_images\/COMFORT-hero_banner.png","poster_video_local":"shopify:\/\/files\/videos\/f3892e03121f4bd28528395930502ee9.mp4","caption":"","heading":"10mm Dubetina","text":"<p>Feathers collection have 10mm Dubetina, a soft and smooth cotton, providing extra layer of support. Its breathability and moisture wicking properties help to keep the sofa cool and dry. Additionally, the fabric is durable and designed to resist fading, pilling, and wear and tear.<\/p>","button_label":"","button_link":""}},"row_pXtCWw":{"type":"row","disabled":true,"settings":{"tab_name":"Foam","image":"shopify:\/\/shop_images\/cat-living2.png","caption":"","heading":"3 Layers of Foam","text":"<p>Pair text with an image to focus on your chosen product, collection, or blog post. Add details on availability, style, or even provide a review.<\/p>","button_label":"","button_link":""}},"row_9FHFGd":{"type":"row","disabled":true,"settings":{"tab_name":"Legs","image":"shopify:\/\/shop_images\/cat-dining2.png","caption":"","heading":"Leg Detail","text":"<p>This sleek silver painted leg finish will add a touch of modern sophistication to any living space. The legs are crafted from strong, durable wood and are finished with a high-gloss silver paint that is sure to withstand the test of time. The modern shape and sheen of the legs will give your sofa a unique and stylish feel.<\/p>","button_label":"","button_link":""}}},"block_order":["row_TprFA4","row_8MMq8Q","row_MNjzWf","row_pXtCWw","row_9FHFGd"],"settings":{"title":"Luxury from the inside out.","image_height":"medium","desktop_image_width":"medium","heading_size":"h1","text_style":"body","button_style":"secondary","desktop_content_position":"middle","desktop_content_alignment":"left","image_layout":"align-left","section_color_scheme":"","row_color_scheme":"scheme-2","mobile_content_alignment":"left","padding_top":0,"padding_bottom":0}},"image_with_text_BaYQrx":{"type":"image-with-text","blocks":{"heading_8hGcjm":{"type":"heading","settings":{"heading":"Luonto: Sustainable Craft, Timeless Comfort","heading_size":"h1"}},"text_WGnyPk":{"type":"text","settings":{"text":"<p>At Luonto, design is guided by a simple yet powerful philosophy: create furniture that is beautiful, functional, and respectful of nature. Every piece is crafted with care in Finland, where skilled artisans combine time-honored techniques with modern innovation. Sustainability is at the heart of their process using responsibly sourced, eco-certified materials and minimizing waste wherever possible. Luonto believes furniture should not only enhance a home but also reflect values of quality and responsibility. Their designs blend clean Scandinavian lines with practical comfort, ensuring each piece feels timeless, versatile, and made to be enjoyed for generations to come.<\/p>","text_style":"body"}},"button_3M7ziq":{"type":"button","settings":{"button_label":"","button_link":"","button_style_secondary":false}}},"block_order":["heading_8hGcjm","text_WGnyPk","button_3M7ziq"],"settings":{"image":"shopify:\/\/shop_images\/Luonto_craftmanship.png","height":"small","desktop_image_width":"medium","layout":"image_first","desktop_content_position":"middle","desktop_content_alignment":"left","content_layout":"no-overlap","section_color_scheme":"","color_scheme":"scheme-2","image_behavior":"none","mobile_content_alignment":"left","padding_top":0,"padding_bottom":0}},"1743772276850400ff":{"type":"apps","blocks":{"judge_me_reviews_review_widget_r3bFxx":{"type":"shopify:\/\/apps\/judge-me-reviews\/blocks\/review_widget\/61ccd3b1-a9f2-4160-9fe9-4fec8413e5d8","settings":{"review_data":"sample_data","max_width":1200,"show_shop_reviews":false,"empty_state":"empty_widget"}}},"block_order":["judge_me_reviews_review_widget_r3bFxx"],"settings":{"include_margins":true}},"featured_collection_GXPeti":{"type":"featured-collection","disabled":true,"name":"t:sections.featured-collection.presets.name","settings":{"title":"Related Products","heading_size":"h1","description":"","show_description":false,"description_style":"body","collection":"all-products-ex-few-for-coupons","products_to_show":8,"columns_desktop":4,"full_width":false,"show_view_all":false,"view_all_style":"solid","enable_desktop_slider":true,"color_scheme":"","image_ratio":"adapt","image_shape":"default","show_secondary_image":true,"show_vendor":false,"show_rating":true,"quick_add":"none","columns_mobile":"2","swipe_on_mobile":true,"padding_top":36,"padding_bottom":36}},"image_with_text_MR9kPT":{"type":"image-with-text","blocks":{"heading_KMya6E":{"type":"heading","settings":{"heading":"Image with text","heading_size":"h1"}},"text_AKCRCN":{"type":"text","settings":{"text":"<p>Pair text with an image to focus on your chosen product, collection, or blog post. Add details on availability, style, or even provide a review.<\/p>","text_style":"body"}},"button_nmgn8Y":{"type":"button","settings":{"button_label":"Button label","button_link":"","button_style_secondary":false}}},"block_order":["heading_KMya6E","text_AKCRCN","button_nmgn8Y"],"disabled":true,"name":"t:sections.image-with-text.presets.name","settings":{"height":"adapt","desktop_image_width":"medium","layout":"image_first","desktop_content_position":"top","desktop_content_alignment":"left","content_layout":"no-overlap","section_color_scheme":"","color_scheme":"","image_behavior":"none","mobile_content_alignment":"left","padding_top":36,"padding_bottom":36}},"image_banner_erkAxQ":{"type":"image-banner","disabled":true,"name":"t:sections.image-banner.presets.name","settings":{"banner_link":"https:\/\/heyzine.com\/flip-book\/c080387fe4.html","image_overlay":0,"image_height":"medium","desktop_content_position":"middle-center","show_text_box":true,"desktop_content_alignment":"center","color_scheme":"","image_behavior":"none","mobile_content_alignment":"center","stack_images_on_mobile":true,"show_text_below":true}},"rich_text_dKwc4M":{"type":"rich-text","blocks":{"heading_Q4MwWD":{"type":"heading","settings":{"heading":"","heading_size":"h1"}},"text_PQatUj":{"type":"text","settings":{"text":""}},"button_VrzzEx":{"type":"button","settings":{"button_label":"Button label","button_link":"","button_style_secondary":false,"button_label_2":"","button_link_2":"","button_style_secondary_2":false}}},"block_order":["heading_Q4MwWD","text_PQatUj","button_VrzzEx"],"disabled":true,"name":"t:sections.rich-text.presets.name","settings":{"desktop_content_position":"center","content_alignment":"center","color_scheme":"","full_width":true,"padding_top":40,"padding_bottom":52}},"slideshow_9yMXMR":{"type":"slideshow","blocks":{"slide_zj9Y8T":{"type":"slide","settings":{"heading":"Image slide","heading_size":"h1","subheading":"Tell your brand's story through images","button_label":"Button label","link":"","button_style_secondary":false,"box_align":"middle-center","show_text_box":true,"text_alignment":"center","image_overlay_opacity":0,"color_scheme":"","text_alignment_mobile":"center"}},"slide_LYXDWG":{"type":"slide","settings":{"heading":"Image slide","heading_size":"h1","subheading":"Tell your brand's story through images","button_label":"Button label","link":"","button_style_secondary":false,"box_align":"middle-center","show_text_box":true,"text_alignment":"center","image_overlay_opacity":0,"color_scheme":"","text_alignment_mobile":"center"}}},"block_order":["slide_zj9Y8T","slide_LYXDWG"],"disabled":true,"name":"t:sections.slideshow.presets.name","settings":{"layout":"full_bleed","slide_height":"medium","slider_visual":"counter","auto_rotate":false,"change_slides_speed":5,"image_behavior":"none","show_text_below":true,"accessibility_info":"Slideshow about our brand"}},"page_VzwM3z":{"type":"page","disabled":true,"name":"t:sections.page.presets.name","settings":{"page":"bernhardt-living-catalog","heading_size":"h2","color_scheme":"","padding_top":36,"padding_bottom":36}}},"order":["custom_collection_banner_EtYDFf","main","multirow_GkrHc6","product_multirow_RcBUJn","product_before_after_xmCdph","related-products","product_tabs_tdKRVz","image_with_text_BaYQrx","1743772276850400ff","featured_collection_GXPeti","image_with_text_MR9kPT","image_banner_erkAxQ","rich_text_dKwc4M","slideshow_9yMXMR","page_VzwM3z"]}