{"sections":{"main":{"type":"main-product","blocks":{"custom_liquid_axVbTX":{"type":"custom_liquid","settings":{"custom_liquid":"<div class=\"custom-ratings-cards-outer\">\n\n<div class=\"vendor\">\n{{ product.vendor }}\n<\/div>\n<div class=\"custom-ratings-cards\">\n              {%- if product.metafields.reviews.rating.value != blank -%}\n              {% liquid\n                assign rating_decimal = 0\n                assign decimal = product.metafields.reviews.rating.value.rating | modulo: 1\n                if decimal >= 0.3 and decimal <= 0.7\n                  assign rating_decimal = 0.5\n                elsif decimal > 0.7\n                  assign rating_decimal = 1\n                endif\n              %}\n              <div\n                class=\"rating\"\n                role=\"img\"\n                aria-label=\"{{ 'accessibility.star_reviews_info' | t: rating_value: product.metafields.reviews.rating.value, rating_max: product.metafields.reviews.rating.value.scale_max }}\"\n              >\n                <span\n                  aria-hidden=\"true\"\n                  class=\"rating-star\"\n                  style=\"--rating: {{ product.metafields.reviews.rating.value.rating | floor }}; --rating-max: {{ product.metafields.reviews.rating.value.scale_max }}; --rating-decimal: {{ rating_decimal }};\"\n                ><\/span>\n              <\/div>\n              <p class=\"rating-text caption\">\n                <span aria-hidden=\"true\">\n                  {{- product.metafields.reviews.rating.value }} \/\n                  {{ product.metafields.reviews.rating.value.scale_max -}}\n                <\/span>\n              <\/p>\n              <p class=\"rating-count caption\">\n                <span aria-hidden=\"true\">({{ product.metafields.reviews.rating_count }})<\/span>\n                <span class=\"visually-hidden\">\n                  {{- product.metafields.reviews.rating_count }}\n                  {{ 'accessibility.total_reviews' | t -}}\n                <\/span>\n              <\/p>\n            {%- endif -%}\n            <\/div>\n\n\n            <\/div>"}},"sku_K47tUB":{"type":"sku","settings":{"text_style":"body"}},"judge_me_reviews_preview_badge_iwDiac":{"type":"shopify:\/\/apps\/judge-me-reviews\/blocks\/preview_badge\/61ccd3b1-a9f2-4160-9fe9-4fec8413e5d8","settings":{}},"rating_rqAXCP":{"type":"rating","disabled":true,"settings":{}},"vendor":{"type":"text","settings":{"show_title":false,"show_title_text":"","text":"<p>{{ product.vendor }}<\/p>","text_style":"uppercase"}},"title":{"type":"title","settings":{}},"price":{"type":"price","settings":{}},"variant_picker":{"type":"variant_picker","settings":{"picker_type":"button","swatch_shape":"circle"}},"quantity_selector":{"type":"quantity_selector","disabled":true,"settings":{}},"buy_buttons":{"type":"buy_buttons","settings":{"show_dynamic_checkout":false,"show_gift_card_recipient":true}},"description":{"type":"description","settings":{}},"share":{"type":"share","settings":{"share_label":"Share"}},"collapsible_tab_pRBBVX":{"type":"collapsible_tab","settings":{"heading":"Dimensions","icon":"none","liquid":"","content":"<p>{{ product.metafields.custom.dimension | metafield_tag }}<\/p>","page":""}},"collapsible_tab_image_6fkdmU":{"type":"collapsible_tab_image","settings":{"heading_image":"Dimensions Image"}},"collapsible_tab_cGqaTN":{"type":"collapsible_tab","settings":{"heading":"Features","icon":"none","liquid":"","content":"{{ product.metafields.custom.product_feature | metafield_tag }}","page":""}},"collapsible_tab_7eYMTe":{"type":"collapsible_tab","settings":{"heading":"Materials","icon":"none","liquid":"","content":"{{ product.metafields.my_fields.material | metafield_tag }}","page":""}},"collapsible_tab_VzdGei":{"type":"collapsible_tab","settings":{"heading":"Fabric","icon":"none","liquid":"","content":"{{ product.metafields.custom.fabric | metafield_tag }}","page":""}},"collapsible_tab_QgytYk":{"type":"collapsible_tab","settings":{"heading":"Care Instructions","icon":"none","liquid":"","content":"{{ product.metafields.custom.care_instructions | metafield_tag }}","page":""}},"collapsible_tab_XY8mCz":{"type":"collapsible_tab","settings":{"heading":"Box Size & Weight","icon":"none","liquid":"","content":"","page":""}},"collapsible_tab_DQLgU8":{"type":"collapsible_tab","disabled":true,"settings":{"heading":"Disclaimer","icon":"none","liquid":"","content":"","page":""}}},"block_order":["custom_liquid_axVbTX","sku_K47tUB","judge_me_reviews_preview_badge_iwDiac","rating_rqAXCP","vendor","title","price","variant_picker","quantity_selector","buy_buttons","description","share","collapsible_tab_pRBBVX","collapsible_tab_image_6fkdmU","collapsible_tab_cGqaTN","collapsible_tab_7eYMTe","collapsible_tab_VzdGei","collapsible_tab_QgytYk","collapsible_tab_XY8mCz","collapsible_tab_DQLgU8"],"settings":{"enable_sticky_box":false,"enable_sticky_info":true,"color_scheme":"scheme-1","media_size":"medium","constrain_to_viewport":true,"media_fit":"cover","gallery_layout":"thumbnail_slider","media_position":"left","image_zoom":"lightbox","mobile_thumbnails":"hide","hide_variants":true,"enable_video_looping":false,"padding_top":20,"padding_bottom":0}},"product_multirow_RcBUJn":{"type":"product-multirow","settings":{"image_height":"medium","desktop_image_width":"medium","heading_size":"h1","text_style":"body","button_style":"primary","desktop_content_position":"middle","desktop_content_alignment":"left","image_layout":"alternate-right","section_color_scheme":"","row_color_scheme":"","mobile_content_alignment":"left","padding_top":40,"padding_bottom":40}},"product_before_after_xmCdph":{"type":"product-before-after","settings":{"padding_top":36,"padding_bottom":36}},"related-products":{"type":"related-products","settings":{"heading":"You may also like","heading_size":"h2","products_to_show":4,"columns_desktop":4,"color_scheme":"scheme-1","image_ratio":"adapt","image_shape":"default","show_secondary_image":true,"show_vendor":false,"show_rating":false,"columns_mobile":"2","padding_top":0,"padding_bottom":28}},"product_tabs_tdKRVz":{"type":"product-tabs","blocks":{"row_TprFA4":{"type":"row","settings":{"tab_name":"Frame","poster_video_local":"shopify:\/\/files\/videos\/22564f7eadbb4f668d27203c80857407.mp4","caption":"","heading":"Frame","text":"<p>Each piece of the pine wood frame is carefully crafted and joined together for a solid construction that is built to last. The weight of the frame is balanced perfectly, making it easy to move around and reposition. The sturdy construction ensures that it will stay in place for years to come.<\/p>","button_label":"","button_link":""}},"row_8MMq8Q":{"type":"row","settings":{"tab_name":"Spring","image":"shopify:\/\/shop_images\/5_992eea99-cde9-46e7-ab51-54e49fb4443f.png","caption":"","heading":"Spring","text":"<p>This spring construction is designed to be both sturdy and comfortable. It features a combination of heavy-duty sinuous springs with each layer connected with elastic webbing to ensure durability and long-lasting comfort. This construction is designed to ensure maximum comfort, support, and durability.<\/p>","button_label":"Button label","button_link":""}},"row_MNjzWf":{"type":"row","settings":{"tab_name":"Dubetina","image":"shopify:\/\/shop_images\/COMFORT-hero_banner.png","poster_video_local":"shopify:\/\/files\/videos\/f3892e03121f4bd28528395930502ee9.mp4","caption":"","heading":"10mm Dubetina","text":"<p>Feathers collection have 10mm Dubetina, a soft and smooth cotton, providing extra layer of support. Its breathability and moisture wicking properties help to keep the sofa cool and dry. Additionally, the fabric is durable and designed to resist fading, pilling, and wear and tear.<\/p>","button_label":"","button_link":""}},"row_pXtCWw":{"type":"row","settings":{"tab_name":"Foam","image":"shopify:\/\/shop_images\/cat-living2.png","caption":"","heading":"3 Layers of Foam","text":"<p>Pair text with an image to focus on your chosen product, collection, or blog post. Add details on availability, style, or even provide a review.<\/p>","button_label":"","button_link":""}},"row_9FHFGd":{"type":"row","settings":{"tab_name":"Legs","image":"shopify:\/\/shop_images\/cat-dining2.png","caption":"","heading":"Leg Detail","text":"<p>This sleek silver painted leg finish will add a touch of modern sophistication to any living space. The legs are crafted from strong, durable wood and are finished with a high-gloss silver paint that is sure to withstand the test of time. The modern shape and sheen of the legs will give your sofa a unique and stylish feel.<\/p>","button_label":"","button_link":""}}},"block_order":["row_TprFA4","row_8MMq8Q","row_MNjzWf","row_pXtCWw","row_9FHFGd"],"settings":{"title":"Luxury from the inside out.","image_height":"medium","desktop_image_width":"medium","heading_size":"h1","text_style":"body","button_style":"secondary","desktop_content_position":"middle","desktop_content_alignment":"left","image_layout":"align-left","section_color_scheme":"","row_color_scheme":"","mobile_content_alignment":"left","padding_top":0,"padding_bottom":0}},"image_with_text_BaYQrx":{"type":"image-with-text","blocks":{"heading_8hGcjm":{"type":"heading","settings":{"heading":"<strong>Sink Into Softness<\/strong>","heading_size":"h1"}},"text_WGnyPk":{"type":"text","settings":{"text":"<p>Dive into the clouds with our cushions that are generously filled with feathers. Each cushion is a promise of an unparalleled comfort experience, cradling you in a soft, sumptuous embrace that you'll never want to leave.<br\/><br\/><\/p>","text_style":"body"}},"button_3M7ziq":{"type":"button","settings":{"button_label":"","button_link":"","button_style_secondary":false}}},"block_order":["heading_8hGcjm","text_WGnyPk","button_3M7ziq"],"settings":{"image":"shopify:\/\/shop_images\/FeathersWhiteModern_cd4da218-bb7f-4c97-873a-a0bd1ab93cef.jpg","height":"adapt","desktop_image_width":"medium","layout":"image_first","desktop_content_position":"top","desktop_content_alignment":"left","content_layout":"no-overlap","section_color_scheme":"","color_scheme":"","image_behavior":"none","mobile_content_alignment":"left","padding_top":0,"padding_bottom":0}},"1743772276850400ff":{"type":"apps","blocks":{"judge_me_reviews_review_widget_r3bFxx":{"type":"shopify:\/\/apps\/judge-me-reviews\/blocks\/review_widget\/61ccd3b1-a9f2-4160-9fe9-4fec8413e5d8","settings":{"review_data":"sample_data","max_width":1200}}},"block_order":["judge_me_reviews_review_widget_r3bFxx"],"settings":{"include_margins":true}},"featured_collection_GXPeti":{"type":"featured-collection","name":"t:sections.featured-collection.presets.name","settings":{"title":"Related Products","heading_size":"h1","description":"","show_description":false,"description_style":"body","collection":"all-products-ex-few-for-coupons","products_to_show":8,"columns_desktop":4,"full_width":false,"show_view_all":false,"view_all_style":"solid","enable_desktop_slider":true,"color_scheme":"","image_ratio":"adapt","image_shape":"default","show_secondary_image":true,"show_vendor":false,"show_rating":true,"quick_add":"none","columns_mobile":"2","swipe_on_mobile":true,"padding_top":36,"padding_bottom":36}},"multirow_GkrHc6":{"type":"multirow","blocks":{"row_8jjDz6":{"type":"row","settings":{"image":"{{ product.metafields.custom.firstimage.value }}","caption":"","heading":"Row","text":"<p><\/p>{{ product.metafields.custom.firstimagedescription | metafield_tag }}","button_label":"","button_link":""}},"row_kDhK7p":{"type":"row","settings":{"caption":"Caption","heading":"Row","text":"<p>Pair text with an image to focus on your chosen product, collection, or blog post. Add details on availability, style, or even provide a review.<\/p>","button_label":"Button label","button_link":""}},"row_Tamxkp":{"type":"row","settings":{"caption":"Caption","heading":"Row","text":"<p>Pair text with an image to focus on your chosen product, collection, or blog post. Add details on availability, style, or even provide a review.<\/p>","button_label":"Button label","button_link":""}}},"block_order":["row_8jjDz6","row_kDhK7p","row_Tamxkp"],"name":"t:sections.multirow.presets.name","settings":{"image_height":"medium","desktop_image_width":"medium","heading_size":"h1","text_style":"body","button_style":"primary","desktop_content_position":"middle","desktop_content_alignment":"left","image_layout":"alternate-left","section_color_scheme":"scheme-2","row_color_scheme":"","mobile_content_alignment":"left","padding_top":36,"padding_bottom":36}}},"order":["main","product_multirow_RcBUJn","product_before_after_xmCdph","related-products","product_tabs_tdKRVz","image_with_text_BaYQrx","1743772276850400ff","featured_collection_GXPeti","multirow_GkrHc6"]}